{"cameraMode":{"drawMode":0,"name":"Shaded","section":"Shading Mode"},"sceneLighting":true,"audioPlay":false,"sceneViewState":{"showFog":true,"showMaterialUpdate":false,"showSkybox":true,"showFlares":true,"showImageEffects":true,"showParticleSystems":true},"in2DMode":false,"pivot":{"x":50.705047607421878,"y":0.4212038218975067,"z":54.4063720703125},"rotation":{"x":-0.1749575436115265,"y":0.5246919989585877,"z":-0.1111813634634018,"w":-0.8256676197052002},"size":6064.33154296875,"orthographic":false}