{"cameraMode":{"drawMode":0,"name":"Shaded","section":"Shading Mode"},"sceneLighting":false,"audioPlay":false,"sceneViewState":{"showFog":true,"showMaterialUpdate":false,"showSkybox":true,"showFlares":true,"showImageEffects":true,"showParticleSystems":true},"in2DMode":false,"pivot":{"x":43.46161651611328,"y":-0.4100000858306885,"z":43.649898529052737},"rotation":{"x":-0.1749575436115265,"y":0.5246919989585877,"z":-0.1111813634634018,"w":-0.8256676197052002},"size":8.245898246765137,"orthographic":false}