{"cameraMode":{"drawMode":0,"name":"Shaded","section":"Shading Mode"},"sceneLighting":false,"audioPlay":false,"sceneViewState":{"showFog":true,"showMaterialUpdate":false,"showSkybox":true,"showFlares":true,"showImageEffects":true,"showParticleSystems":true},"in2DMode":false,"pivot":{"x":1.0416020154953004,"y":1.739018440246582,"z":-0.1420898139476776},"rotation":{"x":-0.12887367606163026,"y":-0.7221332788467407,"z":0.13992789387702943,"w":-0.6650829315185547},"size":5.319645404815674,"orthographic":false}