{"cameraMode":{"drawMode":0,"name":"Shaded","section":"Shading Mode"},"sceneLighting":false,"audioPlay":false,"sceneViewState":{"showFog":true,"showMaterialUpdate":false,"showSkybox":true,"showFlares":true,"showImageEffects":true,"showParticleSystems":true},"in2DMode":false,"pivot":{"x":0.7495079040527344,"y":0.4890000820159912,"z":0.3304188847541809},"rotation":{"x":-0.23484069108963014,"y":-0.6891546249389648,"z":0.2542183995246887,"w":-0.636622965335846},"size":5.382968902587891,"orthographic":false}