{"cameraMode":{"drawMode":0,"name":"Shaded","section":"Shading Mode"},"sceneLighting":false,"audioPlay":false,"sceneViewState":{"showFog":true,"showMaterialUpdate":false,"showSkybox":true,"showFlares":true,"showImageEffects":true,"showParticleSystems":true},"in2DMode":false,"pivot":{"x":-0.000005409121513366699,"y":-0.004604458808898926,"z":1.8020493984222413},"rotation":{"x":-0.12887367606163026,"y":-0.7221332788467407,"z":0.13992789387702943,"w":-0.6650829315185547},"size":2.1973812580108644,"orthographic":false}