{"cameraMode":{"drawMode":0,"name":"Shaded","section":"Shading Mode"},"sceneLighting":false,"audioPlay":false,"sceneViewState":{"showFog":true,"showMaterialUpdate":false,"showSkybox":true,"showFlares":true,"showImageEffects":true,"showParticleSystems":true},"in2DMode":false,"pivot":{"x":0.4147617220878601,"y":0.5146544575691223,"z":0.9524234533309937},"rotation":{"x":-0.2040424942970276,"y":-0.6953595876693726,"z":0.21692869067192079,"w":-0.6540518403053284},"size":2.622741937637329,"orthographic":false}