{"cameraMode":{"drawMode":0,"name":"Shaded","section":"Shading Mode"},"sceneLighting":false,"audioPlay":false,"sceneViewState":{"showFog":true,"showMaterialUpdate":false,"showSkybox":true,"showFlares":true,"showImageEffects":true,"showParticleSystems":true},"in2DMode":false,"pivot":{"x":-134.59994506835938,"y":61.79998779296875,"z":-9.711000442504883},"rotation":{"x":0.022807298228144647,"y":-0.004188584629446268,"z":0.00009595399751560763,"w":0.9997311234474182},"size":1462.400634765625,"orthographic":false}