{"cameraMode":{"drawMode":0,"name":"Shaded","section":"Shading Mode"},"sceneLighting":false,"audioPlay":false,"sceneViewState":{"showFog":true,"showMaterialUpdate":false,"showSkybox":true,"showFlares":true,"showImageEffects":true,"showParticleSystems":true},"in2DMode":false,"pivot":{"x":-0.37843698263168337,"y":0.8338298797607422,"z":-0.29026228189468386},"rotation":{"x":-0.19545821845531465,"y":-0.7699379920959473,"z":0.539710283279419,"w":-0.27875521779060366},"size":4.818493843078613,"orthographic":false}