{"cameraMode":{"drawMode":0,"name":"Shaded","section":"Shading Mode"},"sceneLighting":false,"audioPlay":false,"sceneViewState":{"showFog":true,"showMaterialUpdate":false,"showSkybox":true,"showFlares":true,"showImageEffects":true,"showParticleSystems":true},"in2DMode":false,"pivot":{"x":0.5133451223373413,"y":1.7246456146240235,"z":0.45002472400665285},"rotation":{"x":-0.023662202060222627,"y":-0.7431756854057312,"z":0.026317868381738664,"w":-0.6681596636772156},"size":7.048036098480225,"orthographic":false}