{"cameraMode":{"drawMode":0,"name":"Shaded","section":"Shading Mode"},"sceneLighting":false,"audioPlay":false,"sceneViewState":{"showFog":true,"showMaterialUpdate":false,"showSkybox":true,"showFlares":true,"showImageEffects":true,"showParticleSystems":true},"in2DMode":false,"pivot":{"x":-0.007855184376239777,"y":1.6604214906692505,"z":3.944304526105059e-31},"rotation":{"x":-0.03733602166175842,"y":-0.6554147005081177,"z":0.03246956318616867,"w":-0.7536466717720032},"size":7.055139541625977,"orthographic":true}