{"cameraMode":{"drawMode":0,"name":"Shaded","section":"Shading Mode"},"sceneLighting":false,"audioPlay":false,"sceneViewState":{"showFog":true,"showMaterialUpdate":false,"showSkybox":true,"showFlares":true,"showImageEffects":true,"showParticleSystems":true},"in2DMode":false,"pivot":{"x":0.18535354733467103,"y":2.3046255111694338,"z":0.15162183344364167},"rotation":{"x":-0.023662202060222627,"y":-0.7431756854057312,"z":0.026317868381738664,"w":-0.6681596636772156},"size":4.141623020172119,"orthographic":false}