{"cameraMode":{"drawMode":0,"name":"Shaded","section":"Shading Mode"},"sceneLighting":false,"audioPlay":false,"sceneViewState":{"showFog":true,"showMaterialUpdate":false,"showSkybox":true,"showFlares":true,"showImageEffects":true,"showParticleSystems":true},"in2DMode":false,"pivot":{"x":-0.4003940522670746,"y":0.8878582715988159,"z":-0.3311537802219391},"rotation":{"x":0.0022715877275913955,"y":-0.9962272644042969,"z":0.08207417279481888,"w":0.028106380254030229},"size":2.7071144580841066,"orthographic":false}