{"cameraMode":{"drawMode":0,"name":"Shaded","section":"Shading Mode"},"sceneLighting":false,"audioPlay":false,"sceneViewState":{"showFog":true,"showMaterialUpdate":false,"showSkybox":true,"showFlares":true,"showImageEffects":true,"showParticleSystems":true},"in2DMode":false,"pivot":{"x":-0.254165381193161,"y":1.2947568893432618,"z":-0.6697268486022949},"rotation":{"x":-0.06730245798826218,"y":-0.7611063718795776,"z":0.07995042949914932,"w":-0.640152633190155},"size":4.744991779327393,"orthographic":false}