{"cameraMode":{"drawMode":0,"name":"Shaded","section":"Shading Mode"},"sceneLighting":false,"audioPlay":false,"sceneViewState":{"showFog":true,"showMaterialUpdate":false,"showSkybox":true,"showFlares":true,"showImageEffects":true,"showParticleSystems":true},"in2DMode":false,"pivot":{"x":-0.53841632604599,"y":0.6098085045814514,"z":-0.15366312861442567},"rotation":{"x":0.08452711254358292,"y":-0.7631140351295471,"z":0.10204603523015976,"w":0.632533609867096},"size":7.31049919128418,"orthographic":false}