{"cameraMode":{"drawMode":0,"name":"Shaded","section":"Shading Mode"},"sceneLighting":false,"audioPlay":false,"sceneViewState":{"showFog":true,"showMaterialUpdate":false,"showSkybox":true,"showFlares":true,"showImageEffects":true,"showParticleSystems":true},"in2DMode":false,"pivot":{"x":-0.53841632604599,"y":0.6098085045814514,"z":-0.15366312861442567},"rotation":{"x":0.09288547933101654,"y":-0.8184422254562378,"z":0.1383248120546341,"w":0.5499007701873779},"size":6.475547790527344,"orthographic":false}