{"cameraMode":{"drawMode":0,"name":"Shaded","section":"Shading Mode"},"sceneLighting":false,"audioPlay":false,"sceneViewState":{"showFog":true,"showMaterialUpdate":false,"showSkybox":true,"showFlares":true,"showImageEffects":true,"showParticleSystems":true},"in2DMode":false,"pivot":{"x":-1.1407252550125123,"y":0.522981584072113,"z":-0.2909763753414154},"rotation":{"x":0.010532897897064686,"y":-0.9883561730384827,"z":0.12791021168231965,"w":0.08173202723264694},"size":8.220503807067871,"orthographic":false}