{"cameraMode":{"drawMode":0,"name":"Shaded","section":"Shading Mode"},"sceneLighting":false,"audioPlay":false,"sceneViewState":{"showFog":true,"showMaterialUpdate":false,"showSkybox":true,"showFlares":true,"showImageEffects":true,"showParticleSystems":true},"in2DMode":false,"pivot":{"x":0.0,"y":0.19999980926513673,"z":-0.22264045476913453},"rotation":{"x":-0.023662202060222627,"y":-0.7431756854057312,"z":0.026317868381738664,"w":-0.6681596636772156},"size":15.572037696838379,"orthographic":false}