{"cameraMode":{"drawMode":0,"name":"Shaded","section":"Shading Mode"},"sceneLighting":false,"audioPlay":false,"sceneViewState":{"showFog":true,"showMaterialUpdate":false,"showSkybox":true,"showFlares":true,"showImageEffects":true,"showParticleSystems":true},"in2DMode":false,"pivot":{"x":0.11928383260965347,"y":0.6366831064224243,"z":-0.0036038272082805635},"rotation":{"x":-0.08302547037601471,"y":-0.7200266718864441,"z":0.08747658878564835,"w":-0.6833857893943787},"size":8.454876899719239,"orthographic":false}