{"cameraMode":{"drawMode":0,"name":"Shaded","section":"Shading Mode"},"sceneLighting":false,"audioPlay":false,"sceneViewState":{"showFog":true,"showMaterialUpdate":false,"showSkybox":true,"showFlares":true,"showImageEffects":true,"showParticleSystems":true},"in2DMode":false,"pivot":{"x":-0.000005409121513366699,"y":1.8020496368408204,"z":0.004604220390319824},"rotation":{"x":-0.1420079469680786,"y":-0.6917057633399963,"z":0.14158345758914948,"w":-0.6937801837921143},"size":5.497382164001465,"orthographic":false}