{"cameraMode":{"drawMode":0,"name":"Shaded","section":"Shading Mode"},"sceneLighting":false,"audioPlay":false,"sceneViewState":{"showFog":true,"showMaterialUpdate":false,"showSkybox":true,"showFlares":true,"showImageEffects":true,"showParticleSystems":true},"in2DMode":false,"pivot":{"x":-0.024655353277921678,"y":1.2735199928283692,"z":0.23966708779335023},"rotation":{"x":-0.12970282137393952,"y":-0.7313821315765381,"z":0.1451379656791687,"w":-0.6535996198654175},"size":2.7622034549713136,"orthographic":false}