{"cameraMode":{"drawMode":0,"name":"Shaded","section":"Shading Mode"},"sceneLighting":false,"audioPlay":false,"sceneViewState":{"showFog":true,"showMaterialUpdate":false,"showSkybox":true,"showFlares":true,"showImageEffects":true,"showParticleSystems":true},"in2DMode":false,"pivot":{"x":0.7036857008934021,"y":1.3519456386566163,"z":-0.06245415657758713},"rotation":{"x":-0.12887367606163026,"y":-0.7221332788467407,"z":0.13992789387702943,"w":-0.6650829315185547},"size":7.21858024597168,"orthographic":false}