{"cameraMode":{"drawMode":0,"name":"Shaded","section":"Shading Mode"},"sceneLighting":false,"audioPlay":false,"sceneViewState":{"showFog":true,"showMaterialUpdate":false,"showSkybox":true,"showFlares":true,"showImageEffects":true,"showParticleSystems":true},"in2DMode":false,"pivot":{"x":0.39851635694503786,"y":0.7270967364311218,"z":0.03574303165078163},"rotation":{"x":-0.12887367606163026,"y":-0.7221332788467407,"z":0.13992789387702943,"w":-0.6650829315185547},"size":5.589513301849365,"orthographic":false}