{"cameraMode":{"drawMode":0,"name":"Shaded","section":"Shading Mode"},"sceneLighting":false,"audioPlay":false,"sceneViewState":{"showFog":true,"showMaterialUpdate":false,"showSkybox":true,"showFlares":true,"showImageEffects":true,"showParticleSystems":true},"in2DMode":false,"pivot":{"x":-0.04846794903278351,"y":0.7225142121315002,"z":0.44735702872276308},"rotation":{"x":-0.10219230502843857,"y":-0.6990684866905212,"z":0.10200874507427216,"w":-0.7003244161605835},"size":3.2820847034454347,"orthographic":false}