{"cameraMode":{"drawMode":0,"name":"Shaded","section":"Shading Mode"},"sceneLighting":false,"audioPlay":false,"sceneViewState":{"showFog":true,"showMaterialUpdate":false,"showSkybox":true,"showFlares":true,"showImageEffects":true,"showParticleSystems":true},"in2DMode":false,"pivot":{"x":0.3881385624408722,"y":0.8315514922142029,"z":0.37633323669433596},"rotation":{"x":-0.12970282137393952,"y":-0.7313821315765381,"z":0.1451379656791687,"w":-0.6535996198654175},"size":5.438924312591553,"orthographic":false}