{"cameraMode":{"drawMode":0,"name":"Shaded","section":"Shading Mode"},"sceneLighting":false,"audioPlay":false,"sceneViewState":{"showFog":true,"showMaterialUpdate":false,"showSkybox":true,"showFlares":true,"showImageEffects":true,"showParticleSystems":true},"in2DMode":false,"pivot":{"x":51.560001373291019,"y":0.0,"z":45.13999938964844},"rotation":{"x":-0.42756110429763796,"y":-0.22115744650363923,"z":0.10871893167495728,"w":-0.8697476983070374},"size":13.45067024230957,"orthographic":false}