{"cameraMode":{"drawMode":0,"name":"Shaded","section":"Shading Mode"},"sceneLighting":false,"audioPlay":false,"sceneViewState":{"showFog":true,"showMaterialUpdate":false,"showSkybox":true,"showFlares":true,"showImageEffects":true,"showParticleSystems":true},"in2DMode":false,"pivot":{"x":55.188377380371097,"y":0.809999942779541,"z":31.835227966308595},"rotation":{"x":-0.42756110429763796,"y":-0.22115744650363923,"z":0.10871893167495728,"w":-0.8697476983070374},"size":3.338923692703247,"orthographic":false}