{"cameraMode":{"drawMode":0,"name":"Shaded","section":"Shading Mode"},"sceneLighting":false,"audioPlay":false,"sceneViewState":{"showFog":true,"showMaterialUpdate":false,"showSkybox":true,"showFlares":true,"showImageEffects":true,"showParticleSystems":true},"in2DMode":false,"pivot":{"x":1687.5677490234375,"y":1.043081283569336e-7,"z":1468.9296875},"rotation":{"x":0.11514013260602951,"y":-0.2950602173805237,"z":0.03588893637061119,"w":0.9478366374969482},"size":1.5851404666900635,"orthographic":false}