{"cameraMode":{"drawMode":0,"name":"Shaded","section":"Shading Mode"},"sceneLighting":false,"audioPlay":false,"sceneViewState":{"showFog":true,"showMaterialUpdate":false,"showSkybox":true,"showFlares":true,"showImageEffects":true,"showParticleSystems":true},"in2DMode":false,"pivot":{"x":-0.4003940522670746,"y":0.8878582715988159,"z":-0.3311537802219391},"rotation":{"x":-0.09258043020963669,"y":-0.8393893837928772,"z":0.15115801990032197,"w":-0.5138148069381714},"size":4.207114219665527,"orthographic":false}