{"cameraMode":{"drawMode":0,"name":"Shaded","section":"Shading Mode"},"sceneLighting":false,"audioPlay":false,"sceneViewState":{"showFog":true,"showMaterialUpdate":false,"showSkybox":true,"showFlares":true,"showImageEffects":true,"showParticleSystems":true},"in2DMode":false,"pivot":{"x":0.6118729114532471,"y":1.2563759088516236,"z":0.029779639095067979},"rotation":{"x":-0.12887367606163026,"y":-0.7221332788467407,"z":0.13992789387702943,"w":-0.6650829315185547},"size":14.322195053100586,"orthographic":false}