{"cameraMode":{"drawMode":0,"name":"Shaded","section":"Shading Mode"},"sceneLighting":false,"audioPlay":false,"sceneViewState":{"showFog":true,"showMaterialUpdate":false,"showSkybox":true,"showFlares":true,"showImageEffects":true,"showParticleSystems":true},"in2DMode":false,"pivot":{"x":0.0,"y":0.149999737739563,"z":0.08276093006134033},"rotation":{"x":-0.12970282137393952,"y":-0.7313821315765381,"z":0.1451379656791687,"w":-0.6535996198654175},"size":10.799243927001954,"orthographic":false}