{"cameraMode":{"drawMode":0,"name":"Shaded","section":"Shading Mode"},"sceneLighting":false,"audioPlay":false,"sceneViewState":{"showFog":true,"showMaterialUpdate":false,"showSkybox":true,"showFlares":true,"showImageEffects":true,"showParticleSystems":true},"in2DMode":false,"pivot":{"x":0.007297992706298828,"y":1.268513798713684,"z":-0.30632591247558596},"rotation":{"x":0.06935738772153855,"y":-0.8923052549362183,"z":0.14693914353847505,"w":0.4211767911911011},"size":7.2383551597595219,"orthographic":false}