{"cameraMode":{"drawMode":0,"name":"Shaded","section":"Shading Mode"},"sceneLighting":false,"audioPlay":false,"sceneViewState":{"showFog":true,"showMaterialUpdate":false,"showSkybox":true,"showFlares":true,"showImageEffects":true,"showParticleSystems":true},"in2DMode":false,"pivot":{"x":1.1049363613128663,"y":2.091770887374878,"z":0.4662740230560303},"rotation":{"x":0.0035836095921695234,"y":-0.994723379611969,"z":0.09549595415592194,"w":0.03732498362660408},"size":5.055203437805176,"orthographic":false}