{"cameraMode":{"drawMode":0,"name":"Shaded","section":"Shading Mode"},"sceneLighting":false,"audioPlay":false,"sceneViewState":{"showFog":true,"showMaterialUpdate":false,"showSkybox":true,"showFlares":true,"showImageEffects":true,"showParticleSystems":true},"in2DMode":false,"pivot":{"x":0.26733633875846865,"y":-0.1726306825876236,"z":-2.2684409618377687},"rotation":{"x":-0.04329525679349899,"y":0.9485104084014893,"z":-0.2763560712337494,"w":-0.14859649538993836},"size":8.8118257522583,"orthographic":false}