{"cameraMode":{"drawMode":0,"name":"Shaded","section":"Shading Mode"},"sceneLighting":false,"audioPlay":false,"sceneViewState":{"showFog":true,"showMaterialUpdate":false,"showSkybox":true,"showFlares":true,"showImageEffects":true,"showParticleSystems":true},"in2DMode":false,"pivot":{"x":39.82209777832031,"y":1.2130334377288819,"z":72.65486145019531},"rotation":{"x":-0.04952237755060196,"y":0.9339842796325684,"z":-0.14288966357707978,"w":-0.32373374700546267},"size":9.03750228881836,"orthographic":false}