{"cameraMode":{"drawMode":0,"name":"Shaded","section":"Shading Mode"},"sceneLighting":false,"audioPlay":false,"sceneViewState":{"showFog":true,"showMaterialUpdate":false,"showSkybox":true,"showFlares":true,"showImageEffects":true,"showParticleSystems":true},"in2DMode":false,"pivot":{"x":-0.44027894735336306,"y":0.42064881324768069,"z":0.13560375571250916},"rotation":{"x":-0.001067306031472981,"y":0.9618154764175415,"z":-0.27367085218429568,"w":-0.003751114010810852},"size":6.1246747970581059,"orthographic":false}