{"cameraMode":{"drawMode":0,"name":"Shaded","section":"Shading Mode"},"sceneLighting":false,"audioPlay":false,"sceneViewState":{"showFog":true,"showMaterialUpdate":false,"showSkybox":true,"showFlares":true,"showImageEffects":true,"showParticleSystems":true},"in2DMode":false,"pivot":{"x":44.28352355957031,"y":6.59233283996582,"z":69.84260559082031},"rotation":{"x":0.10141124576330185,"y":0.7309404611587524,"z":0.11135692149400711,"w":-0.6656135320663452},"size":13.089277267456055,"orthographic":false}