{"cameraMode":{"drawMode":0,"name":"Shaded","section":"Shading Mode"},"sceneLighting":false,"audioPlay":false,"sceneViewState":{"showFog":true,"showMaterialUpdate":false,"showSkybox":true,"showFlares":true,"showImageEffects":true,"showParticleSystems":true},"in2DMode":false,"pivot":{"x":43.689998626708987,"y":1.1999998092651368,"z":47.381500244140628},"rotation":{"x":0.16342544555664063,"y":-0.4439876973628998,"z":0.08272026479244232,"w":0.8771114349365234},"size":10.850339889526368,"orthographic":false}