{"cameraMode":{"drawMode":0,"name":"Shaded","section":"Shading Mode"},"sceneLighting":false,"audioPlay":false,"sceneViewState":{"showFog":true,"showMaterialUpdate":false,"showSkybox":true,"showFlares":true,"showImageEffects":true,"showParticleSystems":true},"in2DMode":false,"pivot":{"x":43.93242645263672,"y":-0.5169270038604736,"z":44.67436599731445},"rotation":{"x":0.39555999636650088,"y":-0.20707596838474275,"z":0.0920255184173584,"w":0.8900467157363892},"size":3.7192866802215578,"orthographic":false}