{"cameraMode":{"drawMode":0,"name":"Shaded","section":"Shading Mode"},"sceneLighting":false,"audioPlay":false,"sceneViewState":{"showFog":true,"showMaterialUpdate":false,"showSkybox":true,"showFlares":true,"showImageEffects":true,"showParticleSystems":true},"in2DMode":false,"pivot":{"x":51.560001373291019,"y":0.0,"z":45.13999938964844},"rotation":{"x":0.16342544555664063,"y":-0.4439876973628998,"z":0.08272026479244232,"w":0.8771114349365234},"size":10.591078758239746,"orthographic":false}