{"cameraMode":{"drawMode":0,"name":"Shaded","section":"Shading Mode"},"sceneLighting":false,"audioPlay":false,"sceneViewState":{"showFog":true,"showMaterialUpdate":false,"showSkybox":true,"showFlares":true,"showImageEffects":true,"showParticleSystems":true},"in2DMode":false,"pivot":{"x":-0.4410606026649475,"y":-0.4100000858306885,"z":-0.07470077276229859},"rotation":{"x":0.40304914116859438,"y":0.41355401277542117,"z":-0.2113892138004303,"w":0.7885677218437195},"size":9.917498588562012,"orthographic":false}