{"cameraMode":{"drawMode":0,"name":"Shaded","section":"Shading Mode"},"sceneLighting":false,"audioPlay":false,"sceneViewState":{"showFog":true,"showMaterialUpdate":false,"showSkybox":true,"showFlares":true,"showImageEffects":true,"showParticleSystems":true},"in2DMode":false,"pivot":{"x":43.46161651611328,"y":-0.4100000858306885,"z":43.649898529052737},"rotation":{"x":0.16342544555664063,"y":-0.4439876973628998,"z":0.08272026479244232,"w":0.8771114349365234},"size":9.272915840148926,"orthographic":false}