{"cameraMode":{"drawMode":0,"name":"Shaded","section":"Shading Mode"},"sceneLighting":true,"audioPlay":false,"sceneViewState":{"showFog":true,"showMaterialUpdate":false,"showSkybox":true,"showFlares":true,"showImageEffects":true,"showParticleSystems":true},"in2DMode":false,"pivot":{"x":38.71624755859375,"y":1.3935298919677735,"z":53.50901794433594},"rotation":{"x":0.39798688888549807,"y":0.3200700581073761,"z":-0.1505025327205658,"w":0.846469521522522},"size":14.3862886428833,"orthographic":false}