{"cameraMode":{"drawMode":0,"name":"Shaded","section":"Shading Mode"},"sceneLighting":false,"audioPlay":false,"sceneViewState":{"showFog":true,"showMaterialUpdate":false,"showSkybox":true,"showFlares":true,"showImageEffects":true,"showParticleSystems":true},"in2DMode":false,"pivot":{"x":-4.814445972442627,"y":-15.009319305419922,"z":37.603538513183597},"rotation":{"x":-0.0978253185749054,"y":0.9005139470100403,"z":-0.32698968052864077,"w":-0.26941168308258059},"size":51.7009391784668,"orthographic":false}