{"cameraMode":{"drawMode":0,"name":"Shaded","section":"Shading Mode"},"sceneLighting":false,"audioPlay":false,"sceneViewState":{"showFog":true,"showMaterialUpdate":false,"showSkybox":true,"showFlares":true,"showImageEffects":true,"showParticleSystems":true},"in2DMode":false,"pivot":{"x":-2.1259000301361086,"y":1.9789999723434449,"z":-0.9251800179481506},"rotation":{"x":0.30412358045578005,"y":0.32871365547180178,"z":-0.11270636320114136,"w":0.8869912624359131},"size":22.0,"orthographic":false}