{"cameraMode":{"drawMode":0,"name":"Shaded","section":"Shading Mode"},"sceneLighting":false,"audioPlay":false,"sceneViewState":{"showFog":true,"showMaterialUpdate":false,"showSkybox":true,"showFlares":true,"showImageEffects":true,"showParticleSystems":true},"in2DMode":false,"pivot":{"x":43.525360107421878,"y":-19.005767822265626,"z":63.86921691894531},"rotation":{"x":0.2131587117910385,"y":-0.22422422468662263,"z":0.05032646283507347,"w":0.9496073722839356},"size":2.134234666824341,"orthographic":false}