{"cameraMode":{"drawMode":0,"name":"Shaded","section":"Shading Mode"},"sceneLighting":false,"audioPlay":false,"sceneViewState":{"showFog":true,"showMaterialUpdate":false,"showSkybox":true,"showFlares":true,"showImageEffects":true,"showParticleSystems":true},"in2DMode":false,"pivot":{"x":961.0155639648438,"y":545.7011108398438,"z":0.34190404415130618},"rotation":{"x":-0.02730364352464676,"y":0.014990763738751412,"z":-0.0004079864302184433,"w":-0.9995147585868836},"size":214.77359008789063,"orthographic":false}