{"cameraMode":{"drawMode":0,"name":"Shaded","section":"Shading Mode"},"sceneLighting":false,"audioPlay":false,"sceneViewState":{"showFog":true,"showMaterialUpdate":false,"showSkybox":true,"showFlares":true,"showImageEffects":true,"showParticleSystems":true},"in2DMode":false,"pivot":{"x":55.188377380371097,"y":0.809999942779541,"z":31.83522605895996},"rotation":{"x":-0.43114370107650759,"y":-0.3066604435443878,"z":0.15860529243946076,"w":-0.8336179256439209},"size":9.272913932800293,"orthographic":false}