{"cameraMode":{"drawMode":0,"name":"Shaded","section":"Shading Mode"},"sceneLighting":false,"audioPlay":false,"sceneViewState":{"showFog":true,"showMaterialUpdate":false,"showSkybox":true,"showFlares":true,"showImageEffects":true,"showParticleSystems":true},"in2DMode":false,"pivot":{"x":-0.4108423590660095,"y":0.0,"z":0.02259141206741333},"rotation":{"x":-0.43114370107650759,"y":-0.3066604435443878,"z":0.15860529243946076,"w":-0.8336179256439209},"size":10.13497257232666,"orthographic":false}