{"cameraMode":{"drawMode":0,"name":"Shaded","section":"Shading Mode"},"sceneLighting":false,"audioPlay":false,"sceneViewState":{"showFog":true,"showMaterialUpdate":false,"showSkybox":true,"showFlares":true,"showImageEffects":true,"showParticleSystems":true},"in2DMode":false,"pivot":{"x":19.482505798339845,"y":0.8395944833755493,"z":58.59703063964844},"rotation":{"x":0.4698771834373474,"y":0.3065127730369568,"z":-0.1781594455242157,"w":0.8084086775779724},"size":17.94390106201172,"orthographic":false}