{"cameraMode":{"drawMode":0,"name":"Shaded","section":"Shading Mode"},"sceneLighting":false,"audioPlay":false,"sceneViewState":{"showFog":true,"showMaterialUpdate":false,"showSkybox":true,"showFlares":true,"showImageEffects":true,"showParticleSystems":true},"in2DMode":false,"pivot":{"x":-0.4673537015914917,"y":2.7142701148986818,"z":-20.178150177001954},"rotation":{"x":0.02585572376847267,"y":0.7015522718429565,"z":-0.025481248274445535,"w":0.7116928696632385},"size":1.194551944732666,"orthographic":false}