{"cameraMode":{"drawMode":0,"name":"Shaded","section":"Shading Mode"},"sceneLighting":false,"audioPlay":false,"sceneViewState":{"showFog":true,"showMaterialUpdate":false,"showSkybox":true,"showFlares":true,"showImageEffects":true,"showParticleSystems":true},"in2DMode":false,"pivot":{"x":-0.6575722694396973,"y":0.5807716846466065,"z":0.11562500149011612},"rotation":{"x":0.04763804376125336,"y":-0.9423941373825073,"z":0.15286676585674287,"w":0.29369303584098818},"size":4.09605598449707,"orthographic":false}