{"cameraMode":{"drawMode":0,"name":"Shaded","section":"Shading Mode"},"sceneLighting":false,"audioPlay":false,"sceneViewState":{"showFog":true,"showMaterialUpdate":false,"showSkybox":true,"showFlares":true,"showImageEffects":true,"showParticleSystems":true},"in2DMode":false,"pivot":{"x":-0.40717244148254397,"y":2.757906913757324,"z":-20.10184097290039},"rotation":{"x":-0.2914612293243408,"y":-0.4636998176574707,"z":0.16475769877433778,"w":-0.820297360420227},"size":13.599468231201172,"orthographic":false}