{"cameraMode":{"drawMode":0,"name":"Shaded","section":"Shading Mode"},"sceneLighting":false,"audioPlay":false,"sceneViewState":{"showFog":true,"showMaterialUpdate":false,"showSkybox":true,"showFlares":true,"showImageEffects":true,"showParticleSystems":true},"in2DMode":false,"pivot":{"x":-0.4221934974193573,"y":-0.4100000858306885,"z":0.01238250732421875},"rotation":{"x":0.2229287177324295,"y":0.4882141947746277,"z":-0.13056086003780366,"w":0.8336088061332703},"size":10.059979438781739,"orthographic":false}