{"cameraMode":{"drawMode":0,"name":"Shaded","section":"Shading Mode"},"sceneLighting":true,"audioPlay":false,"sceneViewState":{"showFog":true,"showMaterialUpdate":false,"showSkybox":true,"showFlares":true,"showImageEffects":true,"showParticleSystems":true},"in2DMode":false,"pivot":{"x":36.326744079589847,"y":3.2466986179351808,"z":55.0404052734375},"rotation":{"x":-0.11892388761043549,"y":-0.6322899460792542,"z":0.09905634075403214,"w":-0.7591142654418945},"size":13.214996337890625,"orthographic":false}