{"cameraMode":{"drawMode":0,"name":"Shaded","section":"Shading Mode"},"sceneLighting":false,"audioPlay":false,"sceneViewState":{"showFog":true,"showMaterialUpdate":false,"showSkybox":true,"showFlares":true,"showImageEffects":true,"showParticleSystems":true},"in2DMode":false,"pivot":{"x":4.76837158203125e-7,"y":0.1314539611339569,"z":-0.18163540959358216},"rotation":{"x":-0.06085890904068947,"y":0.9385371208190918,"z":-0.22222864627838136,"w":-0.25701913237571719},"size":6.232053279876709,"orthographic":true}