{"cameraMode":{"drawMode":0,"name":"Shaded","section":"Shading Mode"},"sceneLighting":false,"audioPlay":false,"sceneViewState":{"showFog":true,"showMaterialUpdate":false,"showSkybox":true,"showFlares":true,"showImageEffects":true,"showParticleSystems":true},"in2DMode":false,"pivot":{"x":70.16674041748047,"y":-0.26118648052215578,"z":51.606201171875},"rotation":{"x":-0.16092826426029206,"y":0.0671534314751625,"z":-0.01097674760967493,"w":-0.9846177101135254},"size":2.9583094120025636,"orthographic":false}