{"cameraMode":{"drawMode":0,"name":"Shaded","section":"Shading Mode"},"sceneLighting":false,"audioPlay":false,"sceneViewState":{"showFog":true,"showMaterialUpdate":false,"showSkybox":true,"showFlares":true,"showImageEffects":true,"showParticleSystems":true},"in2DMode":false,"pivot":{"x":0.0,"y":0.0461040735244751,"z":-0.22264045476913453},"rotation":{"x":-0.1313418298959732,"y":0.8153822422027588,"z":-0.2036992758512497,"w":-0.5257450342178345},"size":11.008474349975586,"orthographic":false}