{"cameraMode":{"drawMode":0,"name":"Shaded","section":"Shading Mode"},"sceneLighting":false,"audioPlay":false,"sceneViewState":{"showFog":true,"showMaterialUpdate":false,"showSkybox":true,"showFlares":true,"showImageEffects":true,"showParticleSystems":true},"in2DMode":false,"pivot":{"x":-1.464553713798523,"y":8.409969329833985,"z":1.176522970199585},"rotation":{"x":0.022938229143619539,"y":0.9748482704162598,"z":-0.11992231011390686,"w":0.18644949793815614},"size":29.087574005126954,"orthographic":false}