{"cameraMode":{"drawMode":0,"name":"Shaded","section":"Shading Mode"},"sceneLighting":false,"audioPlay":false,"sceneViewState":{"showFog":true,"showMaterialUpdate":false,"showSkybox":true,"showFlares":true,"showImageEffects":true,"showParticleSystems":true},"in2DMode":false,"pivot":{"x":16.610000610351564,"y":0.0,"z":15.109999656677246},"rotation":{"x":0.3376266062259674,"y":0.3652249872684479,"z":-0.1441412717103958,"w":0.8554778099060059},"size":1.9652235507965088,"orthographic":false}