{"cameraMode":{"drawMode":0,"name":"Shaded","section":"Shading Mode"},"sceneLighting":true,"audioPlay":false,"sceneViewState":{"showFog":false,"showMaterialUpdate":false,"showSkybox":false,"showFlares":false,"showImageEffects":true,"showParticleSystems":true},"in2DMode":false,"pivot":{"x":44.05591583251953,"y":12.162650108337403,"z":49.98645782470703},"rotation":{"x":-0.17533032596111298,"y":-0.7174701690673828,"z":0.1948195844888687,"w":-0.6453999876976013},"size":25.95156478881836,"orthographic":false}