{"cameraMode":{"drawMode":0,"name":"Shaded","section":"Shading Mode"},"sceneLighting":false,"audioPlay":false,"sceneViewState":{"showFog":true,"showMaterialUpdate":false,"showSkybox":true,"showFlares":true,"showImageEffects":true,"showParticleSystems":true},"in2DMode":false,"pivot":{"x":0.0,"y":2.1228830814361574,"z":-7.152557373046875e-7},"rotation":{"x":0.13290390372276307,"y":0.864393949508667,"z":-0.30421409010887148,"w":0.3776420056819916},"size":10.257792472839356,"orthographic":true}