{"cameraMode":{"drawMode":0,"name":"Shaded","section":"Shading Mode"},"sceneLighting":false,"audioPlay":false,"sceneViewState":{"showFog":true,"showMaterialUpdate":false,"showSkybox":true,"showFlares":true,"showImageEffects":true,"showParticleSystems":true},"in2DMode":false,"pivot":{"x":-0.5099730491638184,"y":2.881890058517456,"z":-20.12803077697754},"rotation":{"x":-0.05941826477646828,"y":0.7268810868263245,"z":-0.06339870393276215,"w":-0.6812444925308228},"size":2.0242671966552736,"orthographic":true}