{"cameraMode":{"drawMode":0,"name":"Shaded","section":"Shading Mode"},"sceneLighting":true,"audioPlay":false,"sceneViewState":{"showFog":true,"showMaterialUpdate":false,"showSkybox":true,"showFlares":true,"showImageEffects":true,"showParticleSystems":true},"in2DMode":false,"pivot":{"x":28.071847915649415,"y":17.48971939086914,"z":35.855262756347659},"rotation":{"x":0.2972877025604248,"y":0.5048683285713196,"z":-0.19055244326591493,"w":0.7876660823822022},"size":4.5499773025512699,"orthographic":false}