{"cameraMode":{"drawMode":0,"name":"Shaded","section":"Shading Mode"},"sceneLighting":false,"audioPlay":false,"sceneViewState":{"showFog":true,"showMaterialUpdate":false,"showSkybox":true,"showFlares":true,"showImageEffects":true,"showParticleSystems":true},"in2DMode":false,"pivot":{"x":32.300048828125,"y":24.790000915527345,"z":33.300048828125},"rotation":{"x":-0.36200323700904848,"y":-0.4688916802406311,"z":0.21892023086547852,"w":-0.7753504514694214},"size":324.031494140625,"orthographic":false}