{"cameraMode":{"drawMode":0,"name":"Shaded","section":"Shading Mode"},"sceneLighting":false,"audioPlay":false,"sceneViewState":{"showFog":true,"showMaterialUpdate":false,"showSkybox":true,"showFlares":true,"showImageEffects":true,"showParticleSystems":true},"in2DMode":false,"pivot":{"x":5.195470809936523,"y":1.6705282926559449,"z":0.37793654203414919},"rotation":{"x":0.28943079710006716,"y":0.37424471974372866,"z":-0.12418533116579056,"w":0.8722091317176819},"size":40.82474136352539,"orthographic":false}