{"cameraMode":{"drawMode":0,"name":"Shaded","section":"Shading Mode"},"sceneLighting":false,"audioPlay":false,"sceneViewState":{"showFog":true,"showMaterialUpdate":false,"showSkybox":true,"showFlares":true,"showImageEffects":true,"showParticleSystems":true},"in2DMode":false,"pivot":{"x":13.160144805908204,"y":3.4035091400146486,"z":13.833495140075684},"rotation":{"x":0.14023585617542268,"y":0.378523051738739,"z":-0.058137036859989169,"w":0.9130576848983765},"size":3.0149717330932619,"orthographic":false}