{"cameraMode":{"drawMode":0,"name":"Shaded","section":"Shading Mode"},"sceneLighting":true,"audioPlay":false,"sceneViewState":{"showFog":true,"showMaterialUpdate":false,"showSkybox":true,"showFlares":true,"showImageEffects":true,"showParticleSystems":true},"in2DMode":false,"pivot":{"x":-164.3977508544922,"y":229.0070037841797,"z":241.8780517578125},"rotation":{"x":0.13290390372276307,"y":0.864393949508667,"z":-0.30421409010887148,"w":0.3776420056819916},"size":32.68650817871094,"orthographic":true}