{"cameraMode":{"drawMode":0,"name":"Shaded","section":"Shading Mode"},"sceneLighting":true,"audioPlay":false,"sceneViewState":{"showFog":true,"showMaterialUpdate":false,"showSkybox":true,"showFlares":true,"showImageEffects":true,"showParticleSystems":true},"in2DMode":false,"pivot":{"x":51.30067825317383,"y":0.188896045088768,"z":47.59051513671875},"rotation":{"x":-0.3540659546852112,"y":-0.37415432929992678,"z":0.15722525119781495,"w":-0.8425711393356323},"size":4.54669713973999,"orthographic":false}