{"cameraMode":{"drawMode":0,"name":"Shaded","section":"Shading Mode"},"sceneLighting":false,"audioPlay":false,"sceneViewState":{"showFog":true,"showMaterialUpdate":false,"showSkybox":true,"showFlares":true,"showImageEffects":true,"showParticleSystems":true},"in2DMode":false,"pivot":{"x":51.439998626708987,"y":0.676282525062561,"z":53.760929107666019},"rotation":{"x":0.2223927527666092,"y":0.6200075745582581,"z":-0.18934810161590577,"w":0.7282028794288635},"size":5.6661200523376469,"orthographic":false}