{"cameraMode":{"drawMode":0,"name":"Shaded","section":"Shading Mode"},"sceneLighting":false,"audioPlay":false,"sceneViewState":{"showFog":true,"showMaterialUpdate":false,"showSkybox":true,"showFlares":true,"showImageEffects":true,"showParticleSystems":true},"in2DMode":false,"pivot":{"x":0.0,"y":0.05000003054738045,"z":-7.450580596923828e-9},"rotation":{"x":0.13290390372276307,"y":0.864393949508667,"z":-0.30421409010887148,"w":0.3776420056819916},"size":0.16500011086463929,"orthographic":true}