{"cameraMode":{"drawMode":0,"name":"Shaded","section":"Shading Mode"},"sceneLighting":true,"audioPlay":false,"sceneViewState":{"showFog":true,"showMaterialUpdate":false,"showSkybox":true,"showFlares":true,"showImageEffects":true,"showParticleSystems":true},"in2DMode":false,"pivot":{"x":48.00021743774414,"y":-1.3096485137939454,"z":59.103126525878909},"rotation":{"x":-0.41262951493263247,"y":-0.08858878165483475,"z":0.04036012291908264,"w":-0.9056820869445801},"size":15.953169822692871,"orthographic":false}