{"cameraMode":{"drawMode":0,"name":"Shaded","section":"Shading Mode"},"sceneLighting":true,"audioPlay":false,"sceneViewState":{"showFog":true,"showMaterialUpdate":false,"showSkybox":true,"showFlares":true,"showImageEffects":true,"showParticleSystems":true},"in2DMode":false,"pivot":{"x":68.3775405883789,"y":-58.60206604003906,"z":68.65655517578125},"rotation":{"x":-0.5038717985153198,"y":-0.3431728780269623,"z":0.2277403324842453,"w":-0.7592628598213196},"size":196.09188842773438,"orthographic":false}