{"cameraMode":{"drawMode":0,"name":"Shaded","section":"Shading Mode"},"sceneLighting":false,"audioPlay":false,"sceneViewState":{"showFog":true,"showMaterialUpdate":false,"showSkybox":true,"showFlares":true,"showImageEffects":true,"showParticleSystems":true},"in2DMode":false,"pivot":{"x":0.0,"y":0.0461040735244751,"z":-0.22264045476913453},"rotation":{"x":-0.10312750190496445,"y":0.8855113983154297,"z":-0.38655591011047366,"w":-0.23623909056186677},"size":9.100915908813477,"orthographic":false}