{"cameraMode":{"drawMode":0,"name":"Shaded","section":"Shading Mode"},"sceneLighting":false,"audioPlay":false,"sceneViewState":{"showFog":true,"showMaterialUpdate":false,"showSkybox":true,"showFlares":true,"showImageEffects":true,"showParticleSystems":true},"in2DMode":false,"pivot":{"x":3.5762786865234377e-7,"y":-0.4100000858306885,"z":0.014775991439819336},"rotation":{"x":-0.041839707642793658,"y":0.9318616986274719,"z":-0.34185996651649477,"w":-0.11408347636461258},"size":11.09285831451416,"orthographic":false}