{"cameraMode":{"drawMode":0,"name":"Shaded","section":"Shading Mode"},"sceneLighting":false,"audioPlay":false,"sceneViewState":{"showFog":true,"showMaterialUpdate":false,"showSkybox":true,"showFlares":true,"showImageEffects":true,"showParticleSystems":true},"in2DMode":false,"pivot":{"x":43.46161651611328,"y":-0.4100000858306885,"z":43.649898529052737},"rotation":{"x":-0.051245611160993579,"y":0.9012987613677979,"z":-0.4155489504337311,"w":-0.1111469715833664},"size":7.2879743576049809,"orthographic":false}