{"cameraMode":{"drawMode":0,"name":"Shaded","section":"Shading Mode"},"sceneLighting":false,"audioPlay":false,"sceneViewState":{"showFog":true,"showMaterialUpdate":false,"showSkybox":true,"showFlares":true,"showImageEffects":true,"showParticleSystems":true},"in2DMode":false,"pivot":{"x":-0.21735848486423493,"y":1.4779044389724732,"z":-0.4713546633720398},"rotation":{"x":0.08489041775465012,"y":-0.9069955348968506,"z":0.22108863294124604,"w":0.34824225306510928},"size":6.878427982330322,"orthographic":true}