{"cameraMode":{"drawMode":0,"name":"Shaded","section":"Shading Mode"},"sceneLighting":false,"audioPlay":false,"sceneViewState":{"showFog":true,"showMaterialUpdate":false,"showSkybox":true,"showFlares":true,"showImageEffects":true,"showParticleSystems":true},"in2DMode":false,"pivot":{"x":-3.0759048461914064,"y":4.032281398773193,"z":-1.129925012588501},"rotation":{"x":-0.16769443452358247,"y":0.5425931811332703,"z":-0.11157713830471039,"w":-0.8154886960983276},"size":15.985289573669434,"orthographic":false}