{"cameraMode":{"drawMode":0,"name":"Shaded","section":"Shading Mode"},"sceneLighting":false,"audioPlay":false,"sceneViewState":{"showFog":true,"showMaterialUpdate":false,"showSkybox":true,"showFlares":true,"showImageEffects":true,"showParticleSystems":true},"in2DMode":false,"pivot":{"x":5.2181477546691898,"y":4.969525337219238,"z":22.25005340576172},"rotation":{"x":0.1351580023765564,"y":0.674297034740448,"z":-0.12751373648643495,"w":0.7146999835968018},"size":32.55936050415039,"orthographic":false}