{"cameraMode":{"drawMode":0,"name":"Shaded","section":"Shading Mode"},"sceneLighting":true,"audioPlay":false,"sceneViewState":{"showFog":true,"showMaterialUpdate":false,"showSkybox":true,"showFlares":true,"showImageEffects":true,"showParticleSystems":true},"in2DMode":false,"pivot":{"x":43.45212936401367,"y":-18.991588592529298,"z":63.96722412109375},"rotation":{"x":-0.39814460277557375,"y":-0.2924446165561676,"z":0.13556812703609467,"w":-0.8588237166404724},"size":112.728515625,"orthographic":false}