{"cameraMode":{"drawMode":0,"name":"Shaded","section":"Shading Mode"},"sceneLighting":false,"audioPlay":false,"sceneViewState":{"showFog":true,"showMaterialUpdate":false,"showSkybox":true,"showFlares":true,"showImageEffects":true,"showParticleSystems":true},"in2DMode":false,"pivot":{"x":43.45212936401367,"y":-18.991588592529298,"z":63.96722412109375},"rotation":{"x":-0.145558163523674,"y":0.016619790345430375,"z":-0.0024517790880054237,"w":-0.9892071485519409},"size":2.857883930206299,"orthographic":false}