{"cameraMode":{"drawMode":0,"name":"Shaded","section":"Shading Mode"},"sceneLighting":true,"audioPlay":false,"sceneViewState":{"showFog":true,"showMaterialUpdate":false,"showSkybox":true,"showFlares":true,"showImageEffects":true,"showParticleSystems":true},"in2DMode":false,"pivot":{"x":29.662174224853517,"y":-32.51783752441406,"z":91.36272430419922},"rotation":{"x":-0.3088391125202179,"y":0.08601304143667221,"z":-0.02805681712925434,"w":-0.946801483631134},"size":154.04513549804688,"orthographic":false}