{"cameraMode":{"drawMode":0,"name":"Shaded","section":"Shading Mode"},"sceneLighting":false,"audioPlay":false,"sceneViewState":{"showFog":true,"showMaterialUpdate":false,"showSkybox":true,"showFlares":true,"showImageEffects":true,"showParticleSystems":true},"in2DMode":false,"pivot":{"x":59.87456130981445,"y":-0.12274169921875,"z":78.88304901123047},"rotation":{"x":-0.34671106934547427,"y":-0.4491322934627533,"z":0.19461899995803834,"w":-0.8001219034194946},"size":36.29608154296875,"orthographic":false}