{"cameraMode":{"drawMode":0,"name":"Shaded","section":"Shading Mode"},"sceneLighting":false,"audioPlay":false,"sceneViewState":{"showFog":true,"showMaterialUpdate":false,"showSkybox":true,"showFlares":true,"showImageEffects":true,"showParticleSystems":true},"in2DMode":false,"pivot":{"x":39.818206787109378,"y":7.463679313659668,"z":73.05473327636719},"rotation":{"x":-0.4497734606266022,"y":-0.19665862619876862,"z":0.10223227739334107,"w":-0.8652039170265198},"size":5.9538164138793949,"orthographic":false}