{"cameraMode":{"drawMode":0,"name":"Shaded","section":"Shading Mode"},"sceneLighting":true,"audioPlay":false,"sceneViewState":{"showFog":true,"showMaterialUpdate":false,"showSkybox":true,"showFlares":true,"showImageEffects":true,"showParticleSystems":true},"in2DMode":false,"pivot":{"x":17.852182388305665,"y":-42.060874938964847,"z":16.489490509033204},"rotation":{"x":-0.19260910153388978,"y":0.7819861769676209,"z":-0.29194244742393496,"w":-0.5159156918525696},"size":76.78028869628906,"orthographic":false}