{"cameraMode":{"drawMode":0,"name":"Shaded","section":"Shading Mode"},"sceneLighting":false,"audioPlay":false,"sceneViewState":{"showFog":true,"showMaterialUpdate":false,"showSkybox":true,"showFlares":true,"showImageEffects":true,"showParticleSystems":true},"in2DMode":false,"pivot":{"x":43.38457489013672,"y":-0.3883195221424103,"z":43.72844314575195},"rotation":{"x":-0.01928548887372017,"y":0.9557064771652222,"z":-0.28655925393104555,"w":-0.0643196552991867},"size":6.996509075164795,"orthographic":false}