{"cameraMode":{"drawMode":0,"name":"Shaded","section":"Shading Mode"},"sceneLighting":false,"audioPlay":false,"sceneViewState":{"showFog":true,"showMaterialUpdate":false,"showSkybox":true,"showFlares":true,"showImageEffects":true,"showParticleSystems":true},"in2DMode":false,"pivot":{"x":54.71603012084961,"y":1.0875236988067628,"z":31.765396118164064},"rotation":{"x":-0.27670255303382876,"y":0.6827919483184815,"z":-0.3160463869571686,"w":-0.5977839231491089},"size":10.513551712036133,"orthographic":false}