{"cameraMode":{"drawMode":0,"name":"Shaded","section":"Shading Mode"},"sceneLighting":false,"audioPlay":false,"sceneViewState":{"showFog":true,"showMaterialUpdate":false,"showSkybox":true,"showFlares":true,"showImageEffects":true,"showParticleSystems":true},"in2DMode":false,"pivot":{"x":1.3278781175613404,"y":-0.7441481351852417,"z":0.7387759685516357},"rotation":{"x":-0.07793375849723816,"y":-0.9123070240020752,"z":0.3452814519405365,"w":-0.20591993629932404},"size":7.179427623748779,"orthographic":false}