{"cameraMode":{"drawMode":0,"name":"Shaded","section":"Shading Mode"},"sceneLighting":false,"audioPlay":false,"sceneViewState":{"showFog":true,"showMaterialUpdate":false,"showSkybox":true,"showFlares":true,"showImageEffects":true,"showParticleSystems":true},"in2DMode":false,"pivot":{"x":-3.3521265983581545,"y":-1.397765040397644,"z":-2.267526865005493},"rotation":{"x":-0.011165116913616658,"y":-0.9744523763656616,"z":0.21873430907726289,"w":-0.04973283410072327},"size":12.076254844665528,"orthographic":false}