{"cameraMode":{"drawMode":0,"name":"Shaded","section":"Shading Mode"},"sceneLighting":false,"audioPlay":false,"sceneViewState":{"showFog":true,"showMaterialUpdate":false,"showSkybox":true,"showFlares":true,"showImageEffects":true,"showParticleSystems":true},"in2DMode":false,"pivot":{"x":-0.38935035467147829,"y":-0.4716886579990387,"z":0.7462219595909119},"rotation":{"x":-0.08135031908750534,"y":0.9168674945831299,"z":-0.30456340312957766,"w":-0.24490252137184144},"size":14.424327850341797,"orthographic":false}