{"cameraMode":{"drawMode":0,"name":"Shaded","section":"Shading Mode"},"sceneLighting":false,"audioPlay":false,"sceneViewState":{"showFog":true,"showMaterialUpdate":false,"showSkybox":true,"showFlares":true,"showImageEffects":true,"showParticleSystems":true},"in2DMode":false,"pivot":{"x":0.0,"y":-0.4100000858306885,"z":0.01238250732421875},"rotation":{"x":-0.5951935052871704,"y":-0.35952460765838625,"z":0.33716195821762087,"w":-0.6346719861030579},"size":9.516997337341309,"orthographic":false}