{"cameraMode":{"drawMode":0,"name":"Shaded","section":"Shading Mode"},"sceneLighting":false,"audioPlay":false,"sceneViewState":{"showFog":true,"showMaterialUpdate":false,"showSkybox":true,"showFlares":true,"showImageEffects":true,"showParticleSystems":true},"in2DMode":false,"pivot":{"x":70.16674041748047,"y":0.15458661317825318,"z":51.606201171875},"rotation":{"x":-0.09257549047470093,"y":-0.005379239562898874,"z":0.0005001924582757056,"w":-0.9956910610198975},"size":3.267900228500366,"orthographic":false}