{"cameraMode":{"drawMode":0,"name":"Shaded","section":"Shading Mode"},"sceneLighting":false,"audioPlay":false,"sceneViewState":{"showFog":true,"showMaterialUpdate":false,"showSkybox":true,"showFlares":true,"showImageEffects":true,"showParticleSystems":true},"in2DMode":false,"pivot":{"x":0.0,"y":-0.4100000858306885,"z":5.960464477539063e-8},"rotation":{"x":0.026765819638967515,"y":0.8826126456260681,"z":-0.46659955382347109,"w":0.050629716366529468},"size":6.7156877517700199,"orthographic":false}