{"cameraMode":{"drawMode":0,"name":"Shaded","section":"Shading Mode"},"sceneLighting":true,"audioPlay":false,"sceneViewState":{"showFog":true,"showMaterialUpdate":false,"showSkybox":true,"showFlares":true,"showImageEffects":true,"showParticleSystems":true},"in2DMode":false,"pivot":{"x":37.22212219238281,"y":-8.889883041381836,"z":52.597450256347659},"rotation":{"x":-0.3194871246814728,"y":0.5586201548576355,"z":-0.24626240134239198,"w":-0.724725067615509},"size":32.508506774902347,"orthographic":false}