{"cameraMode":{"drawMode":0,"name":"Shaded","section":"Shading Mode"},"sceneLighting":false,"audioPlay":false,"sceneViewState":{"showFog":true,"showMaterialUpdate":false,"showSkybox":true,"showFlares":true,"showImageEffects":true,"showParticleSystems":true},"in2DMode":false,"pivot":{"x":43.689998626708987,"y":1.1999998092651368,"z":47.381500244140628},"rotation":{"x":0.30530068278312685,"y":-0.5190190672874451,"z":0.2053849697113037,"w":0.7715099453926086},"size":42.272769927978519,"orthographic":false}