{"cameraMode":{"drawMode":0,"name":"Shaded","section":"Shading Mode"},"sceneLighting":false,"audioPlay":false,"sceneViewState":{"showFog":true,"showMaterialUpdate":false,"showSkybox":true,"showFlares":true,"showImageEffects":true,"showParticleSystems":true},"in2DMode":false,"pivot":{"x":-1.038376808166504,"y":2.111201286315918,"z":-1.9082207679748536},"rotation":{"x":-0.10367561876773834,"y":0.8505064249038696,"z":-0.18288733065128327,"w":-0.48212292790412905},"size":14.489551544189454,"orthographic":false}