{"cameraMode":{"drawMode":0,"name":"Shaded","section":"Shading Mode"},"sceneLighting":false,"audioPlay":false,"sceneViewState":{"showFog":true,"showMaterialUpdate":false,"showSkybox":true,"showFlares":true,"showImageEffects":true,"showParticleSystems":true},"in2DMode":false,"pivot":{"x":-0.4644164443016052,"y":0.1161479651927948,"z":-0.03429582342505455},"rotation":{"x":-0.21733064949512483,"y":0.7368491888046265,"z":-0.2776123881340027,"w":-0.5768465995788574},"size":6.884563446044922,"orthographic":false}