{"cameraMode":{"drawMode":0,"name":"Shaded","section":"Shading Mode"},"sceneLighting":false,"audioPlay":false,"sceneViewState":{"showFog":true,"showMaterialUpdate":false,"showSkybox":true,"showFlares":true,"showImageEffects":true,"showParticleSystems":true},"in2DMode":false,"pivot":{"x":12.88848876953125,"y":3.2200980186462404,"z":13.58370590209961},"rotation":{"x":-0.2970234155654907,"y":-0.4113653898239136,"z":0.14380954205989839,"w":-0.8496319651603699},"size":2.0358049869537355,"orthographic":false}