{"cameraMode":{"drawMode":0,"name":"Shaded","section":"Shading Mode"},"sceneLighting":false,"audioPlay":false,"sceneViewState":{"showFog":true,"showMaterialUpdate":false,"showSkybox":true,"showFlares":true,"showImageEffects":true,"showParticleSystems":true},"in2DMode":false,"pivot":{"x":-0.4022456407546997,"y":-0.13060927391052247,"z":-0.3929884433746338},"rotation":{"x":-0.12917868793010713,"y":0.8645337820053101,"z":-0.39482131600379946,"w":-0.2828611731529236},"size":3.6823010444641115,"orthographic":false}