{"cameraMode":{"drawMode":0,"name":"Shaded","section":"Shading Mode"},"sceneLighting":false,"audioPlay":false,"sceneViewState":{"showFog":true,"showMaterialUpdate":false,"showSkybox":true,"showFlares":true,"showImageEffects":true,"showParticleSystems":true},"in2DMode":false,"pivot":{"x":39.818206787109378,"y":7.463679313659668,"z":73.05473327636719},"rotation":{"x":0.35175764560699465,"y":0.3403574824333191,"z":-0.1390729546546936,"w":0.8608612418174744},"size":5.9538164138793949,"orthographic":false}