{"cameraMode":{"drawMode":0,"name":"Shaded","section":"Shading Mode"},"sceneLighting":false,"audioPlay":false,"sceneViewState":{"showFog":true,"showMaterialUpdate":false,"showSkybox":true,"showFlares":true,"showImageEffects":true,"showParticleSystems":true},"in2DMode":false,"pivot":{"x":-0.9663447737693787,"y":1.3347630500793458,"z":-1.201599359512329},"rotation":{"x":-0.12917868793010713,"y":0.8645337820053101,"z":-0.39482131600379946,"w":-0.2828611731529236},"size":4.882301330566406,"orthographic":false}