{"cameraMode":{"drawMode":0,"name":"Shaded","section":"Shading Mode"},"sceneLighting":false,"audioPlay":false,"sceneViewState":{"showFog":true,"showMaterialUpdate":false,"showSkybox":true,"showFlares":true,"showImageEffects":true,"showParticleSystems":true},"in2DMode":false,"pivot":{"x":41.570491790771487,"y":-2.0223584175109865,"z":70.48053741455078},"rotation":{"x":0.05233567953109741,"y":0.9394692778587341,"z":-0.29463934898376467,"w":0.1668718010187149},"size":8.254096984863282,"orthographic":false}