{"cameraMode":{"drawMode":0,"name":"Shaded","section":"Shading Mode"},"sceneLighting":false,"audioPlay":false,"sceneViewState":{"showFog":true,"showMaterialUpdate":false,"showSkybox":true,"showFlares":true,"showImageEffects":true,"showParticleSystems":true},"in2DMode":false,"pivot":{"x":61.824886322021487,"y":0.6684545278549194,"z":61.532344818115237},"rotation":{"x":-0.0189969502389431,"y":0.9653251767158508,"z":-0.07341679185628891,"w":-0.2497926950454712},"size":12.483044624328614,"orthographic":false}