{"cameraMode":{"drawMode":0,"name":"Shaded","section":"Shading Mode"},"sceneLighting":false,"audioPlay":false,"sceneViewState":{"showFog":true,"showMaterialUpdate":false,"showSkybox":true,"showFlares":true,"showImageEffects":true,"showParticleSystems":true},"in2DMode":false,"pivot":{"x":44.36883544921875,"y":-1.7908637523651124,"z":44.35493087768555},"rotation":{"x":0.23198089003562928,"y":0.6942927837371826,"z":-0.25493311882019045,"w":0.6317843794822693},"size":6.872769832611084,"orthographic":false}