{"cameraMode":{"drawMode":0,"name":"Shaded","section":"Shading Mode"},"sceneLighting":false,"audioPlay":false,"sceneViewState":{"showFog":true,"showMaterialUpdate":false,"showSkybox":true,"showFlares":true,"showImageEffects":true,"showParticleSystems":true},"in2DMode":false,"pivot":{"x":55.188377380371097,"y":0.809999942779541,"z":31.83522605895996},"rotation":{"x":-0.1366611123085022,"y":-0.4931502044200897,"z":0.07877535372972489,"w":-0.8555238842964172},"size":9.272913932800293,"orthographic":false}