{"cameraMode":{"drawMode":0,"name":"Shaded","section":"Shading Mode"},"sceneLighting":false,"audioPlay":false,"sceneViewState":{"showFog":true,"showMaterialUpdate":false,"showSkybox":true,"showFlares":true,"showImageEffects":true,"showParticleSystems":true},"in2DMode":false,"pivot":{"x":0.05484241247177124,"y":1.2296864986419678,"z":0.19256070256233216},"rotation":{"x":0.06900997459888458,"y":0.3189336061477661,"z":-0.02329118549823761,"w":0.9449743628501892},"size":4.982040882110596,"orthographic":false}