{"cameraMode":{"drawMode":0,"name":"Shaded","section":"Shading Mode"},"sceneLighting":false,"audioPlay":false,"sceneViewState":{"showFog":true,"showMaterialUpdate":false,"showSkybox":true,"showFlares":true,"showImageEffects":true,"showParticleSystems":true},"in2DMode":false,"pivot":{"x":-0.39655017852783205,"y":0.21607327461242677,"z":-1.2501329183578492},"rotation":{"x":-0.1615683138370514,"y":0.8374722599983215,"z":-0.34659984707832339,"w":-0.39039018750190737},"size":5.541027545928955,"orthographic":false}