{"cameraMode":{"drawMode":0,"name":"Shaded","section":"Shading Mode"},"sceneLighting":false,"audioPlay":false,"sceneViewState":{"showFog":true,"showMaterialUpdate":false,"showSkybox":true,"showFlares":true,"showImageEffects":true,"showParticleSystems":true},"in2DMode":false,"pivot":{"x":48.64824676513672,"y":0.20803070068359376,"z":46.511966705322269},"rotation":{"x":0.35683348774909975,"y":0.48458436131477358,"z":-0.22571074962615968,"w":0.7660956382751465},"size":2.8669042587280275,"orthographic":false}