{"cameraMode":{"drawMode":0,"name":"Shaded","section":"Shading Mode"},"sceneLighting":false,"audioPlay":false,"sceneViewState":{"showFog":true,"showMaterialUpdate":false,"showSkybox":true,"showFlares":true,"showImageEffects":true,"showParticleSystems":true},"in2DMode":false,"pivot":{"x":42.61442565917969,"y":-0.9490163326263428,"z":71.91751861572266},"rotation":{"x":0.09009062498807907,"y":0.8848418593406677,"z":-0.19221462309360505,"w":0.4147194027900696},"size":6.977787017822266,"orthographic":false}