{"cameraMode":{"drawMode":0,"name":"Shaded","section":"Shading Mode"},"sceneLighting":false,"audioPlay":false,"sceneViewState":{"showFog":true,"showMaterialUpdate":false,"showSkybox":true,"showFlares":true,"showImageEffects":true,"showParticleSystems":true},"in2DMode":false,"pivot":{"x":3.5762786865234377e-7,"y":-0.4100000858306885,"z":0.014775991439819336},"rotation":{"x":0.32682815194129946,"y":0.3918752074241638,"z":-0.15127751231193543,"w":0.8466004729270935},"size":10.357114791870118,"orthographic":false}