{"cameraMode":{"drawMode":0,"name":"Shaded","section":"Shading Mode"},"sceneLighting":true,"audioPlay":false,"sceneViewState":{"showFog":true,"showMaterialUpdate":false,"showSkybox":true,"showFlares":true,"showImageEffects":true,"showParticleSystems":true},"in2DMode":false,"pivot":{"x":37.71923828125,"y":1.4252663850784302,"z":64.23231506347656},"rotation":{"x":0.4074365496635437,"y":-0.245825856924057,"z":0.11486806720495224,"w":0.8719922304153442},"size":32.68083190917969,"orthographic":false}