{"cameraMode":{"drawMode":0,"name":"Shaded","section":"Shading Mode"},"sceneLighting":false,"audioPlay":false,"sceneViewState":{"showFog":true,"showMaterialUpdate":false,"showSkybox":true,"showFlares":true,"showImageEffects":true,"showParticleSystems":true},"in2DMode":false,"pivot":{"x":53.075069427490237,"y":5.0071330070495609,"z":70.84146881103516},"rotation":{"x":0.04607241973280907,"y":0.7448474764823914,"z":-0.05170914903283119,"w":0.6636307835578919},"size":5.127753257751465,"orthographic":false}