{"cameraMode":{"drawMode":0,"name":"Shaded","section":"Shading Mode"},"sceneLighting":true,"audioPlay":false,"sceneViewState":{"showFog":true,"showMaterialUpdate":false,"showSkybox":true,"showFlares":true,"showImageEffects":true,"showParticleSystems":true},"in2DMode":false,"pivot":{"x":0.542863130569458,"y":14.207794189453125,"z":48.73619842529297},"rotation":{"x":0.39970409870147707,"y":0.39433372020721438,"z":-0.1960398405790329,"w":0.803931474685669},"size":2.0997564792633058,"orthographic":false}