{"cameraMode":{"drawMode":0,"name":"Shaded","section":"Shading Mode"},"sceneLighting":false,"audioPlay":false,"sceneViewState":{"showFog":true,"showMaterialUpdate":false,"showSkybox":true,"showFlares":true,"showImageEffects":true,"showParticleSystems":true},"in2DMode":false,"pivot":{"x":61.626678466796878,"y":-0.2882809638977051,"z":61.65940856933594},"rotation":{"x":-0.03515841066837311,"y":0.9643352031707764,"z":-0.16891978681087495,"w":-0.200717955827713},"size":12.483044624328614,"orthographic":false}