{"cameraMode":{"drawMode":0,"name":"Shaded","section":"Shading Mode"},"sceneLighting":true,"audioPlay":false,"sceneViewState":{"showFog":true,"showMaterialUpdate":false,"showSkybox":true,"showFlares":true,"showImageEffects":true,"showParticleSystems":true},"in2DMode":false,"pivot":{"x":83.83744812011719,"y":42.03737258911133,"z":124.1863021850586},"rotation":{"x":-0.009606976993381977,"y":0.0330088846385479,"z":0.00033177813747897744,"w":0.9994088411331177},"size":224.61553955078126,"orthographic":false}