{"cameraMode":{"drawMode":0,"name":"Shaded","section":"Shading Mode"},"sceneLighting":false,"audioPlay":false,"sceneViewState":{"showFog":true,"showMaterialUpdate":false,"showSkybox":true,"showFlares":true,"showImageEffects":true,"showParticleSystems":true},"in2DMode":false,"pivot":{"x":0.9581294059753418,"y":0.4655723571777344,"z":0.8690433502197266},"rotation":{"x":0.1476404219865799,"y":0.4849821925163269,"z":-0.08345596492290497,"w":0.8579217195510864},"size":10.357114791870118,"orthographic":false}