{"cameraMode":{"drawMode":0,"name":"Shaded","section":"Shading Mode"},"sceneLighting":false,"audioPlay":false,"sceneViewState":{"showFog":true,"showMaterialUpdate":false,"showSkybox":true,"showFlares":true,"showImageEffects":true,"showParticleSystems":true},"in2DMode":false,"pivot":{"x":1694.614501953125,"y":2.6639530658721926,"z":1474.1348876953125},"rotation":{"x":0.3330572545528412,"y":0.3672363758087158,"z":-0.14277920126914979,"w":0.856635570526123},"size":1.4289418458938599,"orthographic":false}