{"cameraMode":{"drawMode":0,"name":"Shaded","section":"Shading Mode"},"sceneLighting":false,"audioPlay":false,"sceneViewState":{"showFog":true,"showMaterialUpdate":false,"showSkybox":true,"showFlares":true,"showImageEffects":true,"showParticleSystems":true},"in2DMode":false,"pivot":{"x":532.405029296875,"y":275.4042053222656,"z":27.55071449279785},"rotation":{"x":0.05636877939105034,"y":-0.004492247011512518,"z":0.00025335923419333994,"w":0.9983999133110046},"size":568.667724609375,"orthographic":false}