{"cameraMode":{"drawMode":0,"name":"Shaded","section":"Shading Mode"},"sceneLighting":true,"audioPlay":false,"sceneViewState":{"showFog":true,"showMaterialUpdate":false,"showSkybox":true,"showFlares":true,"showImageEffects":true,"showParticleSystems":true},"in2DMode":false,"pivot":{"x":35.93888473510742,"y":9.111984252929688,"z":66.28978729248047},"rotation":{"x":0.10271059721708298,"y":0.8882715702056885,"z":-0.2423952966928482,"w":0.3763890564441681},"size":6.374352931976318,"orthographic":false}