{"cameraMode":{"drawMode":0,"name":"Shaded","section":"Shading Mode"},"sceneLighting":false,"audioPlay":false,"sceneViewState":{"showFog":true,"showMaterialUpdate":false,"showSkybox":true,"showFlares":true,"showImageEffects":true,"showParticleSystems":true},"in2DMode":false,"pivot":{"x":62.970001220703128,"y":16.559999465942384,"z":45.08000183105469},"rotation":{"x":0.29993942379951479,"y":0.5163160562515259,"z":-0.19930988550186158,"w":0.7770004868507385},"size":99.98106384277344,"orthographic":false}