{"cameraMode":{"drawMode":0,"name":"Shaded","section":"Shading Mode"},"sceneLighting":false,"audioPlay":false,"sceneViewState":{"showFog":true,"showMaterialUpdate":false,"showSkybox":true,"showFlares":true,"showImageEffects":true,"showParticleSystems":true},"in2DMode":false,"pivot":{"x":65.9951400756836,"y":1.0691043138504029,"z":67.82687377929688},"rotation":{"x":0.04515542462468147,"y":0.6693493127822876,"z":-0.040818218141794208,"w":0.7404501438140869},"size":7.043826580047607,"orthographic":false}