{"cameraMode":{"drawMode":0,"name":"Shaded","section":"Shading Mode"},"sceneLighting":false,"audioPlay":false,"sceneViewState":{"showFog":true,"showMaterialUpdate":false,"showSkybox":true,"showFlares":true,"showImageEffects":true,"showParticleSystems":true},"in2DMode":false,"pivot":{"x":43.689998626708987,"y":1.1999998092651368,"z":47.381500244140628},"rotation":{"x":-0.1366611123085022,"y":-0.4931502044200897,"z":0.07877535372972489,"w":-0.8555238842964172},"size":47.97959518432617,"orthographic":false}