{"cameraMode":{"drawMode":0,"name":"Shaded","section":"Shading Mode"},"sceneLighting":false,"audioPlay":false,"sceneViewState":{"showFog":true,"showMaterialUpdate":false,"showSkybox":true,"showFlares":true,"showImageEffects":true,"showParticleSystems":true},"in2DMode":false,"pivot":{"x":-0.36629366874694826,"y":0.0,"z":0.1315009593963623},"rotation":{"x":-0.24023555219173432,"y":-0.30469828844070437,"z":0.07972027361392975,"w":-0.9181996583938599},"size":42.401588439941409,"orthographic":false}