{"cameraMode":{"drawMode":0,"name":"Shaded","section":"Shading Mode"},"sceneLighting":false,"audioPlay":false,"sceneViewState":{"showFog":true,"showMaterialUpdate":false,"showSkybox":true,"showFlares":true,"showImageEffects":true,"showParticleSystems":true},"in2DMode":false,"pivot":{"x":-0.36629366874694826,"y":0.0,"z":0.1315009593963623},"rotation":{"x":-0.1615683138370514,"y":0.8374722599983215,"z":-0.34659984707832339,"w":-0.39039018750190737},"size":42.401588439941409,"orthographic":false}