{"cameraMode":{"drawMode":0,"name":"Shaded","section":"Shading Mode"},"sceneLighting":false,"audioPlay":false,"sceneViewState":{"showFog":true,"showMaterialUpdate":false,"showSkybox":true,"showFlares":true,"showImageEffects":true,"showParticleSystems":true},"in2DMode":false,"pivot":{"x":1689.81396484375,"y":0.06597393751144409,"z":1473.03515625},"rotation":{"x":0.17824512720108033,"y":0.5358346104621887,"z":-0.11690600216388703,"w":0.8169718384742737},"size":2.04764723777771,"orthographic":false}