{"cameraMode":{"drawMode":0,"name":"Shaded","section":"Shading Mode"},"sceneLighting":false,"audioPlay":false,"sceneViewState":{"showFog":true,"showMaterialUpdate":false,"showSkybox":true,"showFlares":true,"showImageEffects":true,"showParticleSystems":true},"in2DMode":false,"pivot":{"x":466.68658447265627,"y":269.49749755859377,"z":-0.02134704403579235},"rotation":{"x":0.5239289402961731,"y":0.21325846016407014,"z":-0.13741467893123628,"w":0.8131030201911926},"size":1902.378662109375,"orthographic":false}