{"cameraMode":{"drawMode":0,"name":"Shaded","section":"Shading Mode"},"sceneLighting":false,"audioPlay":false,"sceneViewState":{"showFog":true,"showMaterialUpdate":false,"showSkybox":true,"showFlares":true,"showImageEffects":true,"showParticleSystems":true},"in2DMode":false,"pivot":{"x":0.0,"y":-0.4100000858306885,"z":0.01238250732421875},"rotation":{"x":0.23198089003562928,"y":0.6942927837371826,"z":-0.25493311882019045,"w":0.6317843794822693},"size":9.516997337341309,"orthographic":false}