{"cameraMode":{"drawMode":0,"name":"Shaded","section":"Shading Mode"},"sceneLighting":false,"audioPlay":false,"sceneViewState":{"showFog":true,"showMaterialUpdate":false,"showSkybox":true,"showFlares":true,"showImageEffects":true,"showParticleSystems":true},"in2DMode":false,"pivot":{"x":-0.2004474401473999,"y":-0.4100000858306885,"z":0.014775991439819336},"rotation":{"x":0.13474944233894349,"y":0.8287942409515381,"z":-0.22617943584918977,"w":0.4937465488910675},"size":10.66624641418457,"orthographic":false}