{"cameraMode":{"drawMode":0,"name":"Shaded","section":"Shading Mode"},"sceneLighting":false,"audioPlay":false,"sceneViewState":{"showFog":true,"showMaterialUpdate":false,"showSkybox":true,"showFlares":true,"showImageEffects":true,"showParticleSystems":true},"in2DMode":false,"pivot":{"x":418.90472412109377,"y":73.56098937988281,"z":111.47418975830078},"rotation":{"x":0.34572702646255495,"y":0.539185106754303,"z":-0.25767531991004946,"w":0.723433256149292},"size":392.6265869140625,"orthographic":false}