{"cameraMode":{"drawMode":0,"name":"Shaded","section":"Shading Mode"},"sceneLighting":true,"audioPlay":false,"sceneViewState":{"showFog":true,"showMaterialUpdate":false,"showSkybox":true,"showFlares":true,"showImageEffects":true,"showParticleSystems":true},"in2DMode":false,"pivot":{"x":17.601104736328126,"y":-279.2650146484375,"z":-36.738990783691409},"rotation":{"x":0.49520638585090639,"y":0.45531654357910159,"z":-0.34427115321159365,"w":0.6549313068389893},"size":841.498046875,"orthographic":false}