{"cameraMode":{"drawMode":0,"name":"Shaded","section":"Shading Mode"},"sceneLighting":false,"audioPlay":false,"sceneViewState":{"showFog":true,"showMaterialUpdate":false,"showSkybox":true,"showFlares":true,"showImageEffects":true,"showParticleSystems":true},"in2DMode":false,"pivot":{"x":0.0,"y":0.11319661140441895,"z":0.08276093006134033},"rotation":{"x":-0.24023555219173432,"y":-0.30469828844070437,"z":0.07972027361392975,"w":-0.9181996583938599},"size":10.70113468170166,"orthographic":false}