{"cameraMode":{"drawMode":0,"name":"Shaded","section":"Shading Mode"},"sceneLighting":true,"audioPlay":false,"sceneViewState":{"showFog":true,"showMaterialUpdate":false,"showSkybox":true,"showFlares":true,"showImageEffects":true,"showParticleSystems":true},"in2DMode":false,"pivot":{"x":113.13134002685547,"y":-22.696720123291017,"z":81.22235870361328},"rotation":{"x":-0.17879845201969148,"y":-0.5666964054107666,"z":0.12758193910121919,"w":-0.7941091060638428},"size":91.18985748291016,"orthographic":false}