{"cameraMode":{"drawMode":0,"name":"Shaded","section":"Shading Mode"},"sceneLighting":false,"audioPlay":false,"sceneViewState":{"showFog":true,"showMaterialUpdate":false,"showSkybox":true,"showFlares":true,"showImageEffects":true,"showParticleSystems":true},"in2DMode":false,"pivot":{"x":-0.4108423590660095,"y":0.0,"z":0.02259141206741333},"rotation":{"x":-0.13798998296260835,"y":0.8421153426170349,"z":-0.25579923391342165,"w":-0.4542767405509949},"size":10.13497257232666,"orthographic":false}