{"cameraMode":{"drawMode":0,"name":"Shaded","section":"Shading Mode"},"sceneLighting":false,"audioPlay":false,"sceneViewState":{"showFog":true,"showMaterialUpdate":false,"showSkybox":true,"showFlares":true,"showImageEffects":true,"showParticleSystems":true},"in2DMode":false,"pivot":{"x":0.3716540038585663,"y":-0.041051626205444339,"z":-3.211810350418091},"rotation":{"x":0.0019504629308357835,"y":0.9681612849235535,"z":-0.25020596385002139,"w":0.007547206711024046},"size":6.08159875869751,"orthographic":false}