{"cameraMode":{"drawMode":0,"name":"Shaded","section":"Shading Mode"},"sceneLighting":false,"audioPlay":false,"sceneViewState":{"showFog":true,"showMaterialUpdate":false,"showSkybox":true,"showFlares":true,"showImageEffects":true,"showParticleSystems":true},"in2DMode":false,"pivot":{"x":38.599998474121097,"y":5.389999866485596,"z":40.5},"rotation":{"x":0.2826264500617981,"y":0.5735432505607605,"z":-0.2200252115726471,"w":0.7367220520973206},"size":2.8578836917877199,"orthographic":false}