{"cameraMode":{"drawMode":0,"name":"Shaded","section":"Shading Mode"},"sceneLighting":false,"audioPlay":false,"sceneViewState":{"showFog":true,"showMaterialUpdate":false,"showSkybox":true,"showFlares":true,"showImageEffects":true,"showParticleSystems":true},"in2DMode":false,"pivot":{"x":-0.11232829093933106,"y":2.063417434692383,"z":-19.07505989074707},"rotation":{"x":0.1891334056854248,"y":0.32580262422561648,"z":-0.06668956577777863,"w":0.9239230155944824},"size":5.771957874298096,"orthographic":false}