{"cameraMode":{"drawMode":0,"name":"Shaded","section":"Shading Mode"},"sceneLighting":false,"audioPlay":false,"sceneViewState":{"showFog":true,"showMaterialUpdate":false,"showSkybox":true,"showFlares":true,"showImageEffects":true,"showParticleSystems":true},"in2DMode":false,"pivot":{"x":-0.042069435119628909,"y":2.1955127716064455,"z":-20.209972381591798},"rotation":{"x":-0.15879285335540772,"y":-0.462602823972702,"z":0.08460744470357895,"w":-0.8681158423423767},"size":6.973897933959961,"orthographic":false}