{"cameraMode":{"drawMode":0,"name":"Shaded","section":"Shading Mode"},"sceneLighting":false,"audioPlay":false,"sceneViewState":{"showFog":true,"showMaterialUpdate":false,"showSkybox":true,"showFlares":true,"showImageEffects":true,"showParticleSystems":true},"in2DMode":false,"pivot":{"x":-0.05988454818725586,"y":1.2506318092346192,"z":0.23276638984680177},"rotation":{"x":0.11396891623735428,"y":0.19099393486976624,"z":-0.02233242243528366,"w":0.9746967554092407},"size":5.582041263580322,"orthographic":false}