{"cameraMode":{"drawMode":0,"name":"Shaded","section":"Shading Mode"},"sceneLighting":true,"audioPlay":false,"sceneViewState":{"showFog":true,"showMaterialUpdate":false,"showSkybox":true,"showFlares":true,"showImageEffects":true,"showParticleSystems":true},"in2DMode":false,"pivot":{"x":57.485355377197269,"y":-0.17230987548828126,"z":71.03412628173828},"rotation":{"x":-0.3787554204463959,"y":-0.37935784459114077,"z":0.1739368736743927,"w":-0.8260617852210999},"size":99.42218780517578,"orthographic":false}