{"cameraMode":{"drawMode":0,"name":"Shaded","section":"Shading Mode"},"sceneLighting":false,"audioPlay":false,"sceneViewState":{"showFog":true,"showMaterialUpdate":false,"showSkybox":true,"showFlares":true,"showImageEffects":true,"showParticleSystems":true},"in2DMode":false,"pivot":{"x":50.42673873901367,"y":-0.3089730739593506,"z":44.430381774902347},"rotation":{"x":-0.18182547390460969,"y":0.7707201242446899,"z":-0.2519070506095886,"w":-0.5563027858734131},"size":4.729113578796387,"orthographic":false}