{"cameraMode":{"drawMode":0,"name":"Shaded","section":"Shading Mode"},"sceneLighting":false,"audioPlay":false,"sceneViewState":{"showFog":true,"showMaterialUpdate":false,"showSkybox":true,"showFlares":true,"showImageEffects":true,"showParticleSystems":true},"in2DMode":false,"pivot":{"x":41.55853271484375,"y":-2.526669979095459,"z":70.77293395996094},"rotation":{"x":0.08434829860925675,"y":0.9140633344650269,"z":-0.2509167194366455,"w":0.30726930499076846},"size":9.419296264648438,"orthographic":false}