{"cameraMode":{"drawMode":0,"name":"Shaded","section":"Shading Mode"},"sceneLighting":true,"audioPlay":false,"sceneViewState":{"showFog":true,"showMaterialUpdate":false,"showSkybox":true,"showFlares":true,"showImageEffects":true,"showParticleSystems":true},"in2DMode":false,"pivot":{"x":-15.825126647949219,"y":34.59210205078125,"z":91.15945434570313},"rotation":{"x":0.32877638936042788,"y":0.2574673295021057,"z":-0.09364388883113861,"w":0.9037961959838867},"size":222.43067932128907,"orthographic":false}