{"cameraMode":{"drawMode":0,"name":"Shaded","section":"Shading Mode"},"sceneLighting":false,"audioPlay":false,"sceneViewState":{"showFog":true,"showMaterialUpdate":false,"showSkybox":true,"showFlares":true,"showImageEffects":true,"showParticleSystems":true},"in2DMode":false,"pivot":{"x":-0.4410606026649475,"y":0.0,"z":-0.07470077276229859},"rotation":{"x":-0.13798998296260835,"y":0.8421153426170349,"z":-0.25579923391342165,"w":-0.4542767405509949},"size":9.917498588562012,"orthographic":false}