{"cameraMode":{"drawMode":0,"name":"Shaded","section":"Shading Mode"},"sceneLighting":true,"audioPlay":false,"sceneViewState":{"showFog":true,"showMaterialUpdate":false,"showSkybox":true,"showFlares":true,"showImageEffects":true,"showParticleSystems":true},"in2DMode":false,"pivot":{"x":51.560001373291019,"y":0.0,"z":45.13999938964844},"rotation":{"x":0.15671521425247193,"y":-0.6770065426826477,"z":0.15090355277061463,"w":0.7030865550041199},"size":10.591078758239746,"orthographic":false}