{"cameraMode":{"drawMode":0,"name":"Shaded","section":"Shading Mode"},"sceneLighting":false,"audioPlay":false,"sceneViewState":{"showFog":true,"showMaterialUpdate":false,"showSkybox":true,"showFlares":true,"showImageEffects":true,"showParticleSystems":true},"in2DMode":false,"pivot":{"x":3.4769954681396486,"y":-2.681053638458252,"z":-1.090047836303711},"rotation":{"x":0.06709480285644531,"y":0.9310660362243652,"z":-0.22132734954357148,"w":0.28218525648117068},"size":15.15996265411377,"orthographic":false}