{"cameraMode":{"drawMode":0,"name":"Shaded","section":"Shading Mode"},"sceneLighting":false,"audioPlay":false,"sceneViewState":{"showFog":true,"showMaterialUpdate":false,"showSkybox":true,"showFlares":true,"showImageEffects":true,"showParticleSystems":true},"in2DMode":false,"pivot":{"x":1694.5,"y":2.5399999618530275,"z":1474.0899658203125},"rotation":{"x":0.4600670039653778,"y":0.32755735516548159,"z":-0.18750505149364472,"w":0.8036705851554871},"size":1.0290720462799073,"orthographic":false}