{"cameraMode":{"drawMode":0,"name":"Shaded","section":"Shading Mode"},"sceneLighting":true,"audioPlay":false,"sceneViewState":{"showFog":true,"showMaterialUpdate":false,"showSkybox":true,"showFlares":true,"showImageEffects":true,"showParticleSystems":true},"in2DMode":false,"pivot":{"x":41.31786346435547,"y":-1.5227129459381104,"z":47.88640213012695},"rotation":{"x":0.5555793046951294,"y":0.1926584541797638,"z":-0.13419418036937715,"w":0.7976254224777222},"size":49.75456619262695,"orthographic":false}