{"cameraMode":{"drawMode":0,"name":"Shaded","section":"Shading Mode"},"sceneLighting":false,"audioPlay":false,"sceneViewState":{"showFog":true,"showMaterialUpdate":false,"showSkybox":true,"showFlares":true,"showImageEffects":true,"showParticleSystems":true},"in2DMode":false,"pivot":{"x":-0.2844647169113159,"y":0.11319661140441895,"z":0.08276093006134033},"rotation":{"x":-0.1615683138370514,"y":0.8374722599983215,"z":-0.34659984707832339,"w":-0.39039018750190737},"size":11.08857250213623,"orthographic":false}