{"cameraMode":{"drawMode":0,"name":"Shaded","section":"Shading Mode"},"sceneLighting":false,"audioPlay":false,"sceneViewState":{"showFog":true,"showMaterialUpdate":false,"showSkybox":true,"showFlares":true,"showImageEffects":true,"showParticleSystems":true},"in2DMode":false,"pivot":{"x":-0.4108423590660095,"y":0.0,"z":0.02259141206741333},"rotation":{"x":-0.1615683138370514,"y":0.8374722599983215,"z":-0.34659984707832339,"w":-0.39039018750190737},"size":10.13497257232666,"orthographic":false}