{"cameraMode":{"drawMode":0,"name":"Shaded","section":"Shading Mode"},"sceneLighting":false,"audioPlay":false,"sceneViewState":{"showFog":true,"showMaterialUpdate":false,"showSkybox":true,"showFlares":true,"showImageEffects":true,"showParticleSystems":true},"in2DMode":false,"pivot":{"x":-1.9580330848693848,"y":-0.5752859115600586,"z":-0.3263132572174072},"rotation":{"x":0.3949993848800659,"y":0.4794994294643402,"z":-0.2556980848312378,"w":0.740725576877594},"size":11.69632625579834,"orthographic":false}