{"cameraMode":{"drawMode":0,"name":"Shaded","section":"Shading Mode"},"sceneLighting":false,"audioPlay":false,"sceneViewState":{"showFog":true,"showMaterialUpdate":false,"showSkybox":true,"showFlares":true,"showImageEffects":true,"showParticleSystems":true},"in2DMode":false,"pivot":{"x":0.6489672660827637,"y":-0.6492969989776611,"z":0.7185535430908203},"rotation":{"x":-0.17731544375419618,"y":-0.37314361333847048,"z":0.07288671284914017,"w":-0.9077503085136414},"size":9.120233535766602,"orthographic":false}