{"cameraMode":{"drawMode":0,"name":"Shaded","section":"Shading Mode"},"sceneLighting":false,"audioPlay":false,"sceneViewState":{"showFog":true,"showMaterialUpdate":false,"showSkybox":true,"showFlares":true,"showImageEffects":true,"showParticleSystems":true},"in2DMode":false,"pivot":{"x":-0.4410606026649475,"y":-0.4100000858306885,"z":-0.07470077276229859},"rotation":{"x":-0.3725949227809906,"y":-0.44388988614082339,"z":0.21002739667892457,"w":-0.7874155640602112},"size":9.917498588562012,"orthographic":false}