{"cameraMode":{"drawMode":0,"name":"Shaded","section":"Shading Mode"},"sceneLighting":false,"audioPlay":false,"sceneViewState":{"showFog":true,"showMaterialUpdate":false,"showSkybox":true,"showFlares":true,"showImageEffects":true,"showParticleSystems":true},"in2DMode":false,"pivot":{"x":1687.796630859375,"y":0.32749760150909426,"z":1469.010009765625},"rotation":{"x":0.20702619850635529,"y":0.4181119501590729,"z":-0.09847555309534073,"w":0.8789910078048706},"size":1.4289418458938599,"orthographic":false}