{"cameraMode":{"drawMode":0,"name":"Shaded","section":"Shading Mode"},"sceneLighting":false,"audioPlay":false,"sceneViewState":{"showFog":true,"showMaterialUpdate":false,"showSkybox":true,"showFlares":true,"showImageEffects":true,"showParticleSystems":true},"in2DMode":false,"pivot":{"x":69.92290496826172,"y":-0.11083641648292542,"z":52.704811096191409},"rotation":{"x":0.06381745636463165,"y":-0.03442267328500748,"z":0.002202583011239767,"w":0.9973653554916382},"size":3.3954498767852785,"orthographic":false}