{"cameraMode":{"drawMode":0,"name":"Shaded","section":"Shading Mode"},"sceneLighting":false,"audioPlay":false,"sceneViewState":{"showFog":true,"showMaterialUpdate":false,"showSkybox":true,"showFlares":true,"showImageEffects":true,"showParticleSystems":true},"in2DMode":false,"pivot":{"x":41.401885986328128,"y":0.0,"z":56.293235778808597},"rotation":{"x":0.4826388657093048,"y":0.3620322346687317,"z":-0.22869694232940675,"w":0.7639960646629334},"size":251.4193115234375,"orthographic":false}