{"cameraMode":{"drawMode":0,"name":"Shaded","section":"Shading Mode"},"sceneLighting":false,"audioPlay":false,"sceneViewState":{"showFog":true,"showMaterialUpdate":false,"showSkybox":true,"showFlares":true,"showImageEffects":true,"showParticleSystems":true},"in2DMode":false,"pivot":{"x":40.91012191772461,"y":-1.4211854934692383,"z":70.53005981445313},"rotation":{"x":0.052483346313238147,"y":0.9187085032463074,"z":-0.36897748708724978,"w":0.13067486882209779},"size":8.254096984863282,"orthographic":false}