{"cameraMode":{"drawMode":0,"name":"Shaded","section":"Shading Mode"},"sceneLighting":false,"audioPlay":false,"sceneViewState":{"showFog":true,"showMaterialUpdate":false,"showSkybox":true,"showFlares":true,"showImageEffects":true,"showParticleSystems":true},"in2DMode":false,"pivot":{"x":-0.4221934974193573,"y":-0.4100000858306885,"z":0.01238250732421875},"rotation":{"x":-0.3725949227809906,"y":-0.44388988614082339,"z":0.21002739667892457,"w":-0.7874155640602112},"size":10.059979438781739,"orthographic":false}