{"cameraMode":{"drawMode":0,"name":"Shaded","section":"Shading Mode"},"sceneLighting":false,"audioPlay":false,"sceneViewState":{"showFog":true,"showMaterialUpdate":false,"showSkybox":true,"showFlares":true,"showImageEffects":true,"showParticleSystems":true},"in2DMode":false,"pivot":{"x":64.09840393066406,"y":-0.016972661018371583,"z":67.14864349365235},"rotation":{"x":0.35175764560699465,"y":0.3403574824333191,"z":-0.1390729546546936,"w":0.8608612418174744},"size":5.614605903625488,"orthographic":false}