{"cameraMode":{"drawMode":0,"name":"Shaded","section":"Shading Mode"},"sceneLighting":false,"audioPlay":false,"sceneViewState":{"showFog":true,"showMaterialUpdate":false,"showSkybox":true,"showFlares":true,"showImageEffects":true,"showParticleSystems":true},"in2DMode":false,"pivot":{"x":-0.7617776989936829,"y":0.3325765132904053,"z":-0.607672929763794},"rotation":{"x":-0.12927471101284028,"y":0.8706992268562317,"z":-0.33911609649658205,"w":-0.3319205343723297},"size":3.082301139831543,"orthographic":false}