{"cameraMode":{"drawMode":0,"name":"Shaded","section":"Shading Mode"},"sceneLighting":false,"audioPlay":false,"sceneViewState":{"showFog":true,"showMaterialUpdate":false,"showSkybox":true,"showFlares":true,"showImageEffects":true,"showParticleSystems":true},"in2DMode":false,"pivot":{"x":-0.4410606026649475,"y":0.0,"z":-0.07470077276229859},"rotation":{"x":-0.1615683138370514,"y":0.8374722599983215,"z":-0.34659984707832339,"w":-0.39039018750190737},"size":9.917498588562012,"orthographic":false}