{"cameraMode":{"drawMode":0,"name":"Shaded","section":"Shading Mode"},"sceneLighting":true,"audioPlay":false,"sceneViewState":{"showFog":true,"showMaterialUpdate":false,"showSkybox":true,"showFlares":true,"showImageEffects":true,"showParticleSystems":true},"in2DMode":false,"pivot":{"x":55.792869567871097,"y":-17.315946578979493,"z":64.22628784179688},"rotation":{"x":0.37723076343536379,"y":0.314872682094574,"z":-0.13812817633152009,"w":0.8599260449409485},"size":96.97071838378906,"orthographic":false}