{"cameraMode":{"drawMode":0,"name":"Shaded","section":"Shading Mode"},"sceneLighting":false,"audioPlay":false,"sceneViewState":{"showFog":true,"showMaterialUpdate":false,"showSkybox":true,"showFlares":true,"showImageEffects":true,"showParticleSystems":true},"in2DMode":false,"pivot":{"x":-0.9796969890594482,"y":0.30454349517822268,"z":-0.689523458480835},"rotation":{"x":-0.11079910397529602,"y":0.8729896545410156,"z":-0.23401200771331788,"w":-0.41334131360054018},"size":3.9823009967803957,"orthographic":false}