{"cameraMode":{"drawMode":0,"name":"Shaded","section":"Shading Mode"},"sceneLighting":false,"audioPlay":false,"sceneViewState":{"showFog":true,"showMaterialUpdate":false,"showSkybox":true,"showFlares":true,"showImageEffects":true,"showParticleSystems":true},"in2DMode":false,"pivot":{"x":32.300048828125,"y":24.790000915527345,"z":33.300048828125},"rotation":{"x":0.40069580078125,"y":0.32935768365859988,"z":-0.15703026950359345,"w":0.8404213190078735},"size":324.031494140625,"orthographic":false}