{"cameraMode":{"drawMode":0,"name":"Shaded","section":"Shading Mode"},"sceneLighting":true,"audioPlay":false,"sceneViewState":{"showFog":true,"showMaterialUpdate":false,"showSkybox":true,"showFlares":true,"showImageEffects":true,"showParticleSystems":true},"in2DMode":false,"pivot":{"x":17.315221786499025,"y":-51.65115737915039,"z":64.7397689819336},"rotation":{"x":0.5126028060913086,"y":0.2609385550022125,"z":-0.16703243553638459,"w":0.8007806539535523},"size":120.75875091552735,"orthographic":false}