{"cameraMode":{"drawMode":0,"name":"Shaded","section":"Shading Mode"},"sceneLighting":false,"audioPlay":false,"sceneViewState":{"showFog":true,"showMaterialUpdate":false,"showSkybox":true,"showFlares":true,"showImageEffects":true,"showParticleSystems":true},"in2DMode":false,"pivot":{"x":70.16674041748047,"y":0.15458661317825318,"z":51.606201171875},"rotation":{"x":0.6577673554420471,"y":0.00790842343121767,"z":-0.006906863767653704,"w":0.7531479597091675},"size":4.467900276184082,"orthographic":false}