{"cameraMode":{"drawMode":0,"name":"Shaded","section":"Shading Mode"},"sceneLighting":false,"audioPlay":false,"sceneViewState":{"showFog":true,"showMaterialUpdate":false,"showSkybox":true,"showFlares":true,"showImageEffects":true,"showParticleSystems":true},"in2DMode":false,"pivot":{"x":71.2733154296875,"y":-0.9113309383392334,"z":54.82197189331055},"rotation":{"x":0.07429958134889603,"y":0.19907495379447938,"z":-0.015138636343181134,"w":0.9770463705062866},"size":5.195450305938721,"orthographic":false}