{"cameraMode":{"drawMode":0,"name":"Shaded","section":"Shading Mode"},"sceneLighting":false,"audioPlay":false,"sceneViewState":{"showFog":true,"showMaterialUpdate":false,"showSkybox":true,"showFlares":true,"showImageEffects":true,"showParticleSystems":true},"in2DMode":false,"pivot":{"x":1685.0072021484375,"y":-9.878094673156739,"z":1464.5726318359375},"rotation":{"x":0.3330572545528412,"y":0.3672363758087158,"z":-0.14277920126914979,"w":0.856635570526123},"size":41.6994514465332,"orthographic":false}