{"cameraMode":{"drawMode":0,"name":"Shaded","section":"Shading Mode"},"sceneLighting":true,"audioPlay":false,"sceneViewState":{"showFog":true,"showMaterialUpdate":false,"showSkybox":true,"showFlares":true,"showImageEffects":true,"showParticleSystems":true},"in2DMode":false,"pivot":{"x":694.2857666015625,"y":-1307.801025390625,"z":798.5363159179688},"rotation":{"x":-0.40431177616119387,"y":-0.3269815146923065,"z":0.15747080743312837,"w":-0.8395344018936157},"size":1910.1043701171875,"orthographic":false}