{"cameraMode":{"drawMode":0,"name":"Shaded","section":"Shading Mode"},"sceneLighting":false,"audioPlay":false,"sceneViewState":{"showFog":true,"showMaterialUpdate":false,"showSkybox":true,"showFlares":true,"showImageEffects":true,"showParticleSystems":true},"in2DMode":false,"pivot":{"x":24.395999908447267,"y":1.1660000085830689,"z":49.542999267578128},"rotation":{"x":0.13625092804431916,"y":0.7972090840339661,"z":-0.19586212933063508,"w":0.5545552372932434},"size":2.9901630878448488,"orthographic":false}