{"cameraMode":{"drawMode":0,"name":"Shaded","section":"Shading Mode"},"sceneLighting":true,"audioPlay":false,"sceneViewState":{"showFog":true,"showMaterialUpdate":false,"showSkybox":true,"showFlares":true,"showImageEffects":true,"showParticleSystems":true},"in2DMode":false,"pivot":{"x":49.56557083129883,"y":10.065254211425782,"z":47.14613723754883},"rotation":{"x":-0.5258273482322693,"y":-0.41474273800849917,"z":0.32710564136505129,"w":-0.6667052507400513},"size":8.189363479614258,"orthographic":false}