{"cameraMode":{"drawMode":0,"name":"Shaded","section":"Shading Mode"},"sceneLighting":true,"audioPlay":false,"sceneViewState":{"showFog":true,"showMaterialUpdate":false,"showSkybox":true,"showFlares":true,"showImageEffects":true,"showParticleSystems":true},"in2DMode":false,"pivot":{"x":44.56172180175781,"y":-21.122352600097658,"z":58.53581237792969},"rotation":{"x":0.42968660593032839,"y":0.3778114318847656,"z":-0.20439213514328004,"w":0.7942618727684021},"size":64.21353912353516,"orthographic":false}