{"cameraMode":{"drawMode":0,"name":"Shaded","section":"Shading Mode"},"sceneLighting":false,"audioPlay":false,"sceneViewState":{"showFog":true,"showMaterialUpdate":false,"showSkybox":true,"showFlares":true,"showImageEffects":true,"showParticleSystems":true},"in2DMode":false,"pivot":{"x":-486.5999450683594,"y":-136.20001220703126,"z":-9.711000442504883},"rotation":{"x":0.3192220628261566,"y":0.37828803062438967,"z":-0.1408383995294571,"w":0.857414722442627},"size":3055.008056640625,"orthographic":false}