{"cameraMode":{"drawMode":0,"name":"Shaded","section":"Shading Mode"},"sceneLighting":false,"audioPlay":false,"sceneViewState":{"showFog":true,"showMaterialUpdate":false,"showSkybox":true,"showFlares":true,"showImageEffects":true,"showParticleSystems":true},"in2DMode":false,"pivot":{"x":53.707847595214847,"y":1.6078672409057618,"z":67.7337646484375},"rotation":{"x":0.2826264500617981,"y":0.5735432505607605,"z":-0.2200252115726471,"w":0.7367220520973206},"size":20.566402435302736,"orthographic":false}