{"cameraMode":{"drawMode":0,"name":"Shaded","section":"Shading Mode"},"sceneLighting":false,"audioPlay":false,"sceneViewState":{"showFog":true,"showMaterialUpdate":false,"showSkybox":true,"showFlares":true,"showImageEffects":true,"showParticleSystems":true},"in2DMode":false,"pivot":{"x":0.8369450569152832,"y":-0.016083240509033204,"z":-3.7679359912872316},"rotation":{"x":-0.13798998296260835,"y":0.8421153426170349,"z":-0.25579923391342165,"w":-0.4542767405509949},"size":6.4445319175720219,"orthographic":false}