{"cameraMode":{"drawMode":0,"name":"Shaded","section":"Shading Mode"},"sceneLighting":true,"audioPlay":false,"sceneViewState":{"showFog":true,"showMaterialUpdate":false,"showSkybox":true,"showFlares":true,"showImageEffects":true,"showParticleSystems":true},"in2DMode":false,"pivot":{"x":79.9906997680664,"y":-52.11623764038086,"z":91.87718200683594},"rotation":{"x":0.3734286427497864,"y":0.39169222116470339,"z":-0.17817449569702149,"w":0.8218163847923279},"size":127.33856964111328,"orthographic":false}