{"cameraMode":{"drawMode":0,"name":"Shaded","section":"Shading Mode"},"sceneLighting":false,"audioPlay":false,"sceneViewState":{"showFog":true,"showMaterialUpdate":false,"showSkybox":true,"showFlares":true,"showImageEffects":true,"showParticleSystems":true},"in2DMode":false,"pivot":{"x":0.6950359344482422,"y":1.0366950035095215,"z":-1.9641501903533936},"rotation":{"x":0.13474944233894349,"y":0.8287942409515381,"z":-0.22617943584918977,"w":0.4937465488910675},"size":11.34919548034668,"orthographic":false}