{"cameraMode":{"drawMode":0,"name":"Shaded","section":"Shading Mode"},"sceneLighting":true,"audioPlay":false,"sceneViewState":{"showFog":true,"showMaterialUpdate":false,"showSkybox":true,"showFlares":true,"showImageEffects":true,"showParticleSystems":true},"in2DMode":false,"pivot":{"x":18.41836166381836,"y":-73.2600326538086,"z":46.044498443603519},"rotation":{"x":0.46816641092300417,"y":0.425271600484848,"z":-0.2749395966529846,"w":0.72413569688797},"size":421.6233215332031,"orthographic":false}