{"cameraMode":{"drawMode":0,"name":"Shaded","section":"Shading Mode"},"sceneLighting":false,"audioPlay":false,"sceneViewState":{"showFog":true,"showMaterialUpdate":false,"showSkybox":true,"showFlares":true,"showImageEffects":true,"showParticleSystems":true},"in2DMode":false,"pivot":{"x":0.027272701263427736,"y":-0.257843017578125,"z":0.9425163269042969},"rotation":{"x":0.17128430306911469,"y":0.7214775681495667,"z":-0.19224712252616883,"w":0.6427853107452393},"size":5.101555347442627,"orthographic":false}