{"cameraMode":{"drawMode":0,"name":"Shaded","section":"Shading Mode"},"sceneLighting":true,"audioPlay":false,"sceneViewState":{"showFog":true,"showMaterialUpdate":false,"showSkybox":true,"showFlares":true,"showImageEffects":true,"showParticleSystems":true},"in2DMode":false,"pivot":{"x":302.5660705566406,"y":-80.2773208618164,"z":241.84017944335938},"rotation":{"x":0.14083930850028993,"y":0.4753621816635132,"z":-0.07739762216806412,"w":0.8649883270263672},"size":465.0013732910156,"orthographic":false}