{"cameraMode":{"drawMode":0,"name":"Shaded","section":"Shading Mode"},"sceneLighting":true,"audioPlay":false,"sceneViewState":{"showFog":true,"showMaterialUpdate":false,"showSkybox":true,"showFlares":true,"showImageEffects":true,"showParticleSystems":true},"in2DMode":false,"pivot":{"x":-33.011322021484378,"y":-135.66470336914063,"z":124.77064514160156},"rotation":{"x":-0.6144137978553772,"y":-0.16706040501594544,"z":0.13519790768623353,"w":-0.7591496109962463},"size":460.5438537597656,"orthographic":false}