{"cameraMode":{"drawMode":0,"name":"Shaded","section":"Shading Mode"},"sceneLighting":false,"audioPlay":false,"sceneViewState":{"showFog":true,"showMaterialUpdate":false,"showSkybox":true,"showFlares":true,"showImageEffects":true,"showParticleSystems":true},"in2DMode":false,"pivot":{"x":132.44570922851563,"y":186.49038696289063,"z":8.119531631469727},"rotation":{"x":-0.021297739818692209,"y":-0.030890854075551034,"z":0.000658339646179229,"w":-0.999295711517334},"size":443.8269348144531,"orthographic":false}