{"cameraMode":{"drawMode":0,"name":"Shaded","section":"Shading Mode"},"sceneLighting":false,"audioPlay":false,"sceneViewState":{"showFog":true,"showMaterialUpdate":false,"showSkybox":true,"showFlares":true,"showImageEffects":true,"showParticleSystems":true},"in2DMode":false,"pivot":{"x":39.82209777832031,"y":1.2130334377288819,"z":72.65486145019531},"rotation":{"x":-0.34383806586265566,"y":-0.3624299168586731,"z":0.14594125747680665,"w":-0.8538858890533447},"size":10.69676399230957,"orthographic":false}