{"cameraMode":{"drawMode":0,"name":"Shaded","section":"Shading Mode"},"sceneLighting":false,"audioPlay":false,"sceneViewState":{"showFog":true,"showMaterialUpdate":false,"showSkybox":true,"showFlares":true,"showImageEffects":true,"showParticleSystems":true},"in2DMode":false,"pivot":{"x":39.762939453125,"y":1.258662223815918,"z":73.86650085449219},"rotation":{"x":-0.032862789928913119,"y":-0.9651166200637817,"z":0.14913219213485719,"w":-0.21267272531986237},"size":16.131988525390626,"orthographic":false}