{"cameraMode":{"drawMode":0,"name":"Shaded","section":"Shading Mode"},"sceneLighting":true,"audioPlay":false,"sceneViewState":{"showFog":true,"showMaterialUpdate":false,"showSkybox":true,"showFlares":true,"showImageEffects":true,"showParticleSystems":true},"in2DMode":false,"pivot":{"x":86.48467254638672,"y":1.0969692468643189,"z":39.98898696899414},"rotation":{"x":-0.021297739818692209,"y":-0.030890854075551034,"z":0.000658339646179229,"w":-0.999295711517334},"size":317.44451904296877,"orthographic":false}