{"cameraMode":{"drawMode":0,"name":"Shaded","section":"Shading Mode"},"sceneLighting":false,"audioPlay":false,"sceneViewState":{"showFog":true,"showMaterialUpdate":false,"showSkybox":true,"showFlares":true,"showImageEffects":true,"showParticleSystems":true},"in2DMode":false,"pivot":{"x":1694.5,"y":2.5419602394104006,"z":1474.0899658203125},"rotation":{"x":-0.371894508600235,"y":-0.33649471402168276,"z":0.14677540957927705,"w":-0.852597713470459},"size":0.6627484560012817,"orthographic":false}