{"cameraMode":{"drawMode":0,"name":"Shaded","section":"Shading Mode"},"sceneLighting":false,"audioPlay":false,"sceneViewState":{"showFog":true,"showMaterialUpdate":false,"showSkybox":true,"showFlares":true,"showImageEffects":true,"showParticleSystems":true},"in2DMode":false,"pivot":{"x":0.6025092601776123,"y":1.8907418251037598,"z":-0.3425278067588806},"rotation":{"x":-0.01199728436768055,"y":-0.9830484986305237,"z":0.0697261169552803,"w":-0.16914494335651399},"size":6.228593826293945,"orthographic":false}