{"cameraMode":{"drawMode":0,"name":"Shaded","section":"Shading Mode"},"sceneLighting":false,"audioPlay":false,"sceneViewState":{"showFog":true,"showMaterialUpdate":false,"showSkybox":true,"showFlares":true,"showImageEffects":true,"showParticleSystems":true},"in2DMode":false,"pivot":{"x":70.16674041748047,"y":-0.26118648052215578,"z":51.606201171875},"rotation":{"x":-0.43053561449050906,"y":-0.3636787533760071,"z":0.19506213068962098,"w":-0.8027002215385437},"size":3.3747973442077638,"orthographic":false}