{"cameraMode":{"drawMode":0,"name":"Shaded","section":"Shading Mode"},"sceneLighting":true,"audioPlay":false,"sceneViewState":{"showFog":true,"showMaterialUpdate":false,"showSkybox":true,"showFlares":true,"showImageEffects":true,"showParticleSystems":true},"in2DMode":false,"pivot":{"x":70.3463363647461,"y":-82.92129516601563,"z":97.91820526123047},"rotation":{"x":-0.47572872042655947,"y":-0.31206175684928896,"z":0.1852860152721405,"w":-0.8012295961380005},"size":137.92352294921876,"orthographic":false}