{"cameraMode":{"drawMode":0,"name":"Shaded","section":"Shading Mode"},"sceneLighting":false,"audioPlay":false,"sceneViewState":{"showFog":true,"showMaterialUpdate":false,"showSkybox":true,"showFlares":true,"showImageEffects":true,"showParticleSystems":true},"in2DMode":false,"pivot":{"x":0.0,"y":0.44999992847442629,"z":-0.22264045476913453},"rotation":{"x":-0.24129754304885865,"y":0.6410872936248779,"z":-0.22303934395313264,"w":-0.6935675740242004},"size":6.94585657119751,"orthographic":false}