{"cameraMode":{"drawMode":0,"name":"Shaded","section":"Shading Mode"},"sceneLighting":false,"audioPlay":false,"sceneViewState":{"showFog":true,"showMaterialUpdate":false,"showSkybox":true,"showFlares":true,"showImageEffects":true,"showParticleSystems":true},"in2DMode":false,"pivot":{"x":0.0,"y":0.44999992847442629,"z":-0.22264045476913453},"rotation":{"x":-0.32499077916145327,"y":-0.4542224109172821,"z":0.18243026733398438,"w":-0.8091861605644226},"size":5.14805269241333,"orthographic":false}