{"cameraMode":{"drawMode":0,"name":"Shaded","section":"Shading Mode"},"sceneLighting":false,"audioPlay":false,"sceneViewState":{"showFog":true,"showMaterialUpdate":false,"showSkybox":true,"showFlares":true,"showImageEffects":true,"showParticleSystems":true},"in2DMode":false,"pivot":{"x":43.34006118774414,"y":-0.4345952272415161,"z":43.43430709838867},"rotation":{"x":0.06031327322125435,"y":-0.8806769251823425,"z":0.45514607429504397,"w":0.11667285859584809},"size":6.21339225769043,"orthographic":false}