{"cameraMode":{"drawMode":0,"name":"Shaded","section":"Shading Mode"},"sceneLighting":false,"audioPlay":false,"sceneViewState":{"showFog":true,"showMaterialUpdate":false,"showSkybox":true,"showFlares":true,"showImageEffects":true,"showParticleSystems":true},"in2DMode":false,"pivot":{"x":0.0,"y":-0.4100000858306885,"z":0.01238250732421875},"rotation":{"x":0.5206553936004639,"y":-0.37624287605285647,"z":0.2736354172229767,"w":0.7158791422843933},"size":10.23111629486084,"orthographic":false}