{"cameraMode":{"drawMode":0,"name":"Shaded","section":"Shading Mode"},"sceneLighting":false,"audioPlay":false,"sceneViewState":{"showFog":true,"showMaterialUpdate":false,"showSkybox":true,"showFlares":true,"showImageEffects":true,"showParticleSystems":true},"in2DMode":false,"pivot":{"x":1.1920928955078126e-7,"y":0.11319661140441895,"z":0.08276093006134033},"rotation":{"x":-0.16775669157505036,"y":-0.8321187496185303,"z":0.36593928933143618,"w":-0.3814767003059387},"size":10.028613090515137,"orthographic":false}