{"cameraMode":{"drawMode":0,"name":"Shaded","section":"Shading Mode"},"sceneLighting":false,"audioPlay":false,"sceneViewState":{"showFog":true,"showMaterialUpdate":false,"showSkybox":true,"showFlares":true,"showImageEffects":true,"showParticleSystems":true},"in2DMode":false,"pivot":{"x":-0.007876439951360226,"y":0.4285160005092621,"z":-0.18721148371696473},"rotation":{"x":0.212205708026886,"y":0.7788869142532349,"z":-0.47870713472366335,"w":0.3451716899871826},"size":5.0478034019470219,"orthographic":false}