{"cameraMode":{"drawMode":0,"name":"Shaded","section":"Shading Mode"},"sceneLighting":false,"audioPlay":false,"sceneViewState":{"showFog":true,"showMaterialUpdate":false,"showSkybox":true,"showFlares":true,"showImageEffects":true,"showParticleSystems":true},"in2DMode":false,"pivot":{"x":0.0029240846633911134,"y":0.0,"z":0.013631939888000489},"rotation":{"x":0.19837211072444917,"y":-0.6537351608276367,"z":0.18347032368183137,"w":0.7068363428115845},"size":10.005447387695313,"orthographic":false}