{"cameraMode":{"drawMode":0,"name":"Shaded","section":"Shading Mode"},"sceneLighting":false,"audioPlay":false,"sceneViewState":{"showFog":true,"showMaterialUpdate":false,"showSkybox":true,"showFlares":true,"showImageEffects":true,"showParticleSystems":true},"in2DMode":false,"pivot":{"x":0.06625664979219437,"y":-0.45968687534332278,"z":-0.029911376535892488},"rotation":{"x":0.37537145614624026,"y":-0.38195157051086428,"z":0.17346325516700746,"w":0.8265106081962586},"size":5.77642822265625,"orthographic":false}