{"cameraMode":{"drawMode":0,"name":"Shaded","section":"Shading Mode"},"sceneLighting":false,"audioPlay":false,"sceneViewState":{"showFog":true,"showMaterialUpdate":false,"showSkybox":true,"showFlares":true,"showImageEffects":true,"showParticleSystems":true},"in2DMode":false,"pivot":{"x":1.1920928955078126e-7,"y":0.11319661140441895,"z":0.08276093006134033},"rotation":{"x":-0.10656686127185822,"y":0.8876104950904846,"z":-0.25832077860832217,"w":-0.3661440908908844},"size":6.748298645019531,"orthographic":false}