{"cameraMode":{"drawMode":0,"name":"Shaded","section":"Shading Mode"},"sceneLighting":false,"audioPlay":false,"sceneViewState":{"showFog":true,"showMaterialUpdate":false,"showSkybox":true,"showFlares":true,"showImageEffects":true,"showParticleSystems":true},"in2DMode":false,"pivot":{"x":-0.6760770678520203,"y":0.5626587271690369,"z":-0.4621962010860443},"rotation":{"x":0.12275251001119614,"y":-0.8771130442619324,"z":0.3364796042442322,"w":0.3199782371520996},"size":4.899668216705322,"orthographic":false}