{"cameraMode":{"drawMode":0,"name":"Shaded","section":"Shading Mode"},"sceneLighting":false,"audioPlay":false,"sceneViewState":{"showFog":true,"showMaterialUpdate":false,"showSkybox":true,"showFlares":true,"showImageEffects":true,"showParticleSystems":true},"in2DMode":false,"pivot":{"x":62.97373962402344,"y":2.2685043811798097,"z":71.08018493652344},"rotation":{"x":-0.15031740069389344,"y":-0.7309476137161255,"z":0.1707666665315628,"w":-0.6433964371681213},"size":16.027982711791993,"orthographic":false}