{"cameraMode":{"drawMode":0,"name":"Shaded","section":"Shading Mode"},"sceneLighting":false,"audioPlay":false,"sceneViewState":{"showFog":true,"showMaterialUpdate":false,"showSkybox":true,"showFlares":true,"showImageEffects":true,"showParticleSystems":true},"in2DMode":false,"pivot":{"x":55.188377380371097,"y":0.809999942779541,"z":31.83522605895996},"rotation":{"x":0.6135761141777039,"y":-0.06584402173757553,"z":0.051451776176691058,"w":0.7852017283439636},"size":4.608274936676025,"orthographic":false}