{"cameraMode":{"drawMode":0,"name":"Shaded","section":"Shading Mode"},"sceneLighting":false,"audioPlay":false,"sceneViewState":{"showFog":true,"showMaterialUpdate":false,"showSkybox":true,"showFlares":true,"showImageEffects":true,"showParticleSystems":true},"in2DMode":false,"pivot":{"x":0.0,"y":0.19999980926513673,"z":-0.06923162937164307},"rotation":{"x":0.46688514947891238,"y":0.13754042983055116,"z":-0.07367991656064987,"w":0.8704437017440796},"size":5.537739276885986,"orthographic":false}