{"cameraMode":{"drawMode":0,"name":"Shaded","section":"Shading Mode"},"sceneLighting":false,"audioPlay":false,"sceneViewState":{"showFog":true,"showMaterialUpdate":false,"showSkybox":true,"showFlares":true,"showImageEffects":true,"showParticleSystems":true},"in2DMode":false,"pivot":{"x":0.0029240846633911134,"y":0.0,"z":0.013631939888000489},"rotation":{"x":0.1948290914297104,"y":-0.7986457347869873,"z":0.34153783321380618,"w":0.4555860757827759},"size":9.027018547058106,"orthographic":false}