{"cameraMode":{"drawMode":0,"name":"Shaded","section":"Shading Mode"},"sceneLighting":false,"audioPlay":false,"sceneViewState":{"showFog":true,"showMaterialUpdate":false,"showSkybox":true,"showFlares":true,"showImageEffects":true,"showParticleSystems":true},"in2DMode":false,"pivot":{"x":0.43427997827529909,"y":0.4518158435821533,"z":-0.1758272498846054},"rotation":{"x":0.436041921377182,"y":0.3578703999519348,"z":-0.19440247118473054,"w":0.8024985194206238},"size":8.19705867767334,"orthographic":false}