{"cameraMode":{"drawMode":0,"name":"Shaded","section":"Shading Mode"},"sceneLighting":false,"audioPlay":false,"sceneViewState":{"showFog":true,"showMaterialUpdate":false,"showSkybox":true,"showFlares":true,"showImageEffects":true,"showParticleSystems":true},"in2DMode":false,"pivot":{"x":0.0005639791488647461,"y":0.0,"z":-0.028698444366455079},"rotation":{"x":0.17258472740650178,"y":-0.7934744358062744,"z":0.2627798616886139,"w":0.5211136937141419},"size":9.479310989379883,"orthographic":false}