{"cameraMode":{"drawMode":0,"name":"Shaded","section":"Shading Mode"},"sceneLighting":false,"audioPlay":false,"sceneViewState":{"showFog":true,"showMaterialUpdate":false,"showSkybox":true,"showFlares":true,"showImageEffects":true,"showParticleSystems":true},"in2DMode":false,"pivot":{"x":3.5762786865234377e-7,"y":-0.4100000858306885,"z":0.014775991439819336},"rotation":{"x":-0.25750604271888735,"y":0.6981063485145569,"z":-0.30151093006134035,"w":-0.5961790084838867},"size":9.499086380004883,"orthographic":false}