{"cameraMode":{"drawMode":0,"name":"Shaded","section":"Shading Mode"},"sceneLighting":false,"audioPlay":false,"sceneViewState":{"showFog":true,"showMaterialUpdate":false,"showSkybox":true,"showFlares":true,"showImageEffects":true,"showParticleSystems":true},"in2DMode":false,"pivot":{"x":50.90211868286133,"y":1.0623910427093506,"z":45.41944885253906},"rotation":{"x":-0.14283372461795808,"y":0.7216764092445374,"z":-0.15584902465343476,"w":-0.6591606736183167},"size":4.092599391937256,"orthographic":false}