{"cameraMode":{"drawMode":0,"name":"Shaded","section":"Shading Mode"},"sceneLighting":false,"audioPlay":false,"sceneViewState":{"showFog":true,"showMaterialUpdate":false,"showSkybox":true,"showFlares":true,"showImageEffects":true,"showParticleSystems":true},"in2DMode":false,"pivot":{"x":0.0,"y":-0.4100000858306885,"z":0.01238250732421875},"rotation":{"x":0.3685576915740967,"y":-0.6257151365280151,"z":0.4297372102737427,"w":0.5366299748420715},"size":8.579418182373047,"orthographic":false}