{"cameraMode":{"drawMode":0,"name":"Shaded","section":"Shading Mode"},"sceneLighting":false,"audioPlay":false,"sceneViewState":{"showFog":true,"showMaterialUpdate":false,"showSkybox":true,"showFlares":true,"showImageEffects":true,"showParticleSystems":true},"in2DMode":false,"pivot":{"x":0.35285043716430666,"y":1.5876743793487549,"z":0.4518704414367676},"rotation":{"x":0.1263877898454666,"y":-0.7344679236412048,"z":0.14258624613285066,"w":0.6513464450836182},"size":8.551107406616211,"orthographic":false}